章,名称,国名,登録基準,特殊遺産,時代・王朝,民族,人,生物,構成資産,建築・絵画の様式,特徴
登録基準,プレア・ビヒア寺院,カンボジア,(ⅰ),,クメール王朝,,スーリヤヴァルマン1世,,,,"ヒンドゥー教の聖地だがのちに仏教寺院として改築された
 登録基準(ⅰ)のみで登録された"
登録基準,タージ・マハル,インド,(ⅰ),,ムガル帝国,,シャー・ジャハーン,,,,"ムムターズ・マハルのための霊廟
 完全な左右対称"
登録基準,シドニーのオペラハウス,オーストラリア,(ⅰ),,,,ヨーン・ウッツォン,,,,ベネロング・ポイントの先端にたつコンサートホール
登録基準,ニース：リヴィエラの冬のリゾート都市,フランス,(ⅱ),,,,,,,,冬の観光に特化した都市として発展してきた
登録基準,パドヴァの14世紀のフレスコ画群,イタリア,(ⅱ),,,,,,スクロヴェーニ礼拝堂,,フレスコ画を保持する8つの建造物群
登録基準,バンチェンの考古遺跡,タイ,(ⅲ),,,,,,,,彩文土器が発見された
登録基準,オネガ湖と白海の岩絵群,ロシア,(ⅲ),,,,,,,,"オネガ湖の岩絵は幾何学的な形が多い
 白海の岩絵は狩猟や航海とその道具動物や人間の足跡が中心"
登録基準,ボローニャのポルティコ群,イタリア,(ⅳ),,,,,,,,公共のための私有財産
登録基準,ゼレナー・ホラにあるネポムークの聖ヨハネ巡礼教会,チェコ,(ⅳ),,,,ヤン・ブラジェイ・サンティーニ,,,,ベネディクト会教会
登録基準,ヘルシングランドの装飾された農夫の家,スウェーデン,(ⅴ),,,,,,,グスタヴィアン様式,亜麻の栽培や森林開拓による富を得た農夫が木造家屋を立て直した
登録基準,フェルテー（ノイジードル）湖の文化的景観,オーストリア、ハンガリー,(ⅴ),文化的景観,,,,,,,"ヨーロッパ最大の塩水湖
 エスターハージ家の宮殿風の館や田舎風の貴族の館が残る"
登録基準,アープラヴァシ・ガート,モーリシャス,(ⅵ),負の遺産,,,,,,,"「移民海岸」や「移民発着所」を指す言葉
 「契約移民労働」の偉大な実験場"
登録基準,バッファロー狩りの断崖,カナダ,(ⅵ),,,ブラックフット族,,,,,5000年以上前続く追い込み猟
登録基準,ウニアンガ湖群,チャド,(ⅶ),,,,,,,,"ウニアンガ・ケビル群最大のヨアン湖は面積約3.5km²深さ約27m
 ウニアンガ・スリ群最大のテリ湖を中心に独自の水文システムがある"
登録基準,九寨溝：歴史的・景観的重要地区,中国,(ⅶ),,,,,,,,"五花海などは石灰岩地層からの湧き水
 ジャイアントパンダの保護区の1つ"
登録基準,オオカバマダラ蝶生物圏保存地域,メキシコ,(ⅶ),,,,,,,,"北米各地から南下してくるオオカバマダラ蝶の越冬地
 4世代にわたる世代交代がある"
登録基準,ステウンスの崖壁,デンマーク,(ⅷ),,,,,,,,"ユカタン半島あたりにチクシュルーブ隕石が衝突
 滅びた動植物の化石が完全な形で残る地層が形成された"
登録基準,レナ石柱自然公園,ロシア,(ⅷ),,カンブリア紀,,,,,,
登録基準,ヒルカニアの森林群,イラン・イスラム,(ⅸ),,,,,ペルシャヒョウ,,,
登録基準,スルツェイ火山島,アイスランド,(ⅸ),,,,,,,,生態系を含む自然環境がどのように変化していくのかを知るのに絶好の情報を提供している
登録基準,ケーン・クラチャーン森林関連遺産群,タイ,(ⅹ),,,,,シャムワニ,,,
登録基準,ゲボル：韓国の干潟,韓国,(ⅹ),,,,,,,,地質条件や海況気候条件が複雑に絡みあい沿岸域の多様な堆積システムにつながった
文化的景観,オルチア渓谷,イタリア,(ⅳ)(ⅵ),文化的景観,シエナ,,,,,,"丘陵や集落を結ぶ道に沿って糸杉が植えられた
 人間による開発が自然の美しさをさらに高めた理想的な例だと評価される"
文化的景観,アル・アハサ・オアシス：進化する文化的景観,サウジアラビア,(ⅲ)(ⅳ)(ⅴ),文化的景観,,,,,,,約250万本ものナツメヤシが生育する世界最大のオアシス
文化的景観,ホルトバージ国立公園：プスタ（大平原）,ハンガリー,(ⅳ)(ⅴ),文化的景観,,,,,,,ドナウ川と支流ティサ川流域に広がるプスタの一角を占める地域
文化的景観,ヴェガエイヤン：ヴェガ群島,ノルウェー,(ⅴ),文化的景観,,,,ケワタガモ,,,
文化的景観,マトボの丘群,ジンバブエ,(ⅲ)(ⅴ)(ⅵ),文化的景観,,,,,,,岩壁や洞窟にはサン族が描いたとされる動物などの壁画も残る
文化的景観,チャン・アンの景観関連遺産群,ベトナム,(ⅴ)(ⅶ)(ⅷ),文化的景観,,,,,,,石灰岩の山や鍾乳洞からなる熱帯カルスト地形が広がる
文化的景観,ライティング・オン・ストーン/アイシナイピ,カナダ,(ⅲ),文化的景観,,,,,,,浸食作用で削り出された円柱状の岩はフードゥーと呼ばれる
文化的景観,シントラの文化的景観,ポルトガル,(ⅱ)(ⅳ)(ⅴ),文化的景観,,,,,,,"宮殿の最も重要な特徴の一つはムデハル様式のアズレージョ
 フェルディナンド2世改築のペナ宮殿は様々な建築様式が混在されたロマン主義代表の建築"
文化的景観,ロワール渓谷：シュリー・シュル・ロワールからシャロンヌまで,フランス,(ⅰ)(ⅱ)(ⅳ),文化的景観,,,,,,ルネサンス様式,ルネサンスから啓蒙主義時代の思想的変遷が読み取れる
文化的景観,ディヤルバクル要塞とへヴセル庭園群の文化的景観,トルコ,(ⅳ),文化的景観,,,,,,,"イチカレというアミダ土塁を含む内部の城が構成資産となる
 食料と水を都市に供給するティグリス川流域と都市が深い関係にある"
文化的景観,ケヴラーダ・デ・ウマウアカ,アルゼンチン,(ⅱ)(ⅳ)(ⅴ),文化的景観,インカ帝国,,,,,,プカラと呼ばれる要塞集落がある
文化的景観,ホーラマン/ウラマナトの文化的景観,イラン・イスラム,(ⅲ)(ⅴ),文化的景観,,ホーラミ人,,,,,半農半牧的な生活の文化的伝統を示す
文化的景観,ル・モルヌの文化的景観,モーリシャス,(ⅲ)(ⅵ),文化的景観,,,,,,,逃亡奴隷（マルーン）が山頂や洞窟でひそかに生活した
ラムサール条約,オフリド地方の自然及び文化遺産,アルバニア及びマケドニア,(ⅰ)(ⅲ)(ⅳ)(ⅶ),,,,聖クリメント,,,,"聖パンテレイモン修道院は当時のヨーロッパで最古の教育機関の1つ
 聖ヨハネ・カネオ聖堂は現在も残る建築物である"
ラムサール条約,ニューカレドニアの珊瑚礁：環礁の多様性と関連する生態系,フランス,(ⅶ)(ⅸ)(ⅹ),,,,,ジュゴン,,,146種のサンゴ
ラムサール条約,ワッデン海,ドイツ、オランダ、デンマーク,(ⅷ)(ⅸ)(ⅹ),,,,,アザラシ,,,潮の干満によって生み出された砂洲などが動植物にとって重要な生息地となっている
ラムサール条約,レドニツェ－ヴァルチツェの文化的景観,チェコ,(ⅰ)(ⅱ)(ⅳ),文化的景観,,,,,,,"リヒテンシュタイン侯爵家によって築かれた建造物が残る
 ヨハン・ヨーゼフ1世によりロマン主義を取り入れたイギリス式庭園が建設された"
ラムサール条約,ブトリントの考古遺跡,アルバニア,(ⅲ),,,,,,,バシリカ式,医療の神アスクレピオスを祀る神殿が残る
ラムサール条約,スレバルナ自然保護区,ブルガリア,(ⅹ),,,,,ブルガリアに生息するほぼ全種の鳥類,,,
ラムサール条約,マドリウ・パラフィタ・クラロー渓谷,アンドラ,(ⅴ),文化的景観,アンドラ公国,,,,,,
ラムサール条約,ウッド・バッファロー国立公園,カナダ,(ⅶ)(ⅸ)(ⅹ),,,,,アメリカシロヅル,,,
ラムサール条約,シアン・カーン自然保護区,メキシコ,(ⅶ)(ⅹ),,,,,,,,"マヤの言葉で空の始まるところという意味
 保護区域には無数に点在するセノーテやハンモックがみられる"
ラムサール条約,ケオラディ国立公園,インド,(ⅹ),,,,,ソデグロヅル,,,マハラジャが堤防を築き狩猟場として整備
ラムサール条約,シュンドルボン,バングラデシュ,(ⅸ)(ⅹ),,,,,,,,世界最大規模のマングローブ林が公園内に広がる
ラムサール条約,トゥバッタハ岩礁自然公園,フィリピン,(ⅶ)(ⅸ)(ⅹ),,,,,,,,岩礁の外側はドロップオフと呼ばれるサンゴ礁の断崖となっている
ラムサール条約,ウヴス・ヌール盆地,モンゴル、ロシア,(ⅸ)(ⅹ),,,,,,,,塩水湖のウヴス・ヌール湖はモンゴル最大の湖である
ラムサール条約,中国の黄海・渤海湾沿岸の渡り鳥保護区（第1段階）,中国,(ⅹ),,,,,"ヘラシギ
 カラフトアオアシシギ",,,東アジア・オーストラリア地域フライウェイを利用する渡り鳥が多く集まる場として国際的に重要である
ラムサール条約,サムール・デルタ,ルーマニア,(ⅶ)(ⅸ),文化的景観,,,,,,,パオバブ林の中に218個もの貝塚が存在する
ラムサール条約,ジュジ国立鳥類保護区,セネガル,(ⅹ),,,,,"モモイロペリカン
 アフリカマナティ",,,
ラムサール条約,マナ・プールズ国立公園、サピとチュウォールの自然保護区,ジンバブエ,(ⅶ)(ⅸ)(ⅹ),,,,,,,,ザンベジ川中流域アフリカ大地溝帯の断層が横切る谷間に広がる
ラムサール条約,オカバンゴ・デルタ,ボツワナ,(ⅶ)(ⅸ)(ⅹ),,,,,,,,"1000件に達した際の記念すべき遺産
 海につながらない内陸のデルタとして貴重でありアフリカ最大規模を誇る"
ラムサール条約,イシュケル国立公園,チュニジア,(ⅹ),,フサイン王朝,,,,,,旧北区西部の鳥にとって重要な越冬地であり毎年冬になると数十万の鳥が飛来する
ラムサール条約,バン・ダルガン国立公園,モーリタニア,(ⅸ)(ⅹ),,,,,チチュウカイモンクアザラシ,,,海岸から60km離れても水深はわずか5mの遠浅の海
無形文化遺産,マラケシュの旧市街,モロッコ,(ⅰ)(ⅱ)(ⅳ)(ⅴ),,ムラービト朝,,ユースフ・イブン・ターシュフィーン,,"クトゥビーヤ・モスク
 ジャマ・エル・フナ広場",,"ヤアクーブ・マンスールの治世にカスバが建設された
 死者たちの集会を意味するジャマ・エル・フナ広場の文化的空間が無形文化遺産に登録"
無形文化遺産,キンデルダイク‐エルスハウトの風車群,オランダ,(ⅰ)(ⅱ)(ⅳ),,,,,,,,"ネーデルラントとは低地を意味する
 2017年に風車守の風車と水車の運転技術が無形文化遺産に登録"
無形文化遺産,ブルー・アント・ジョン・クロウ山脈,ジャマイカ,(ⅲ)(ⅳ)(ⅹ),,,,,,,,"ブルー・マウンテンとジョン・クロウ・マウンテンを含む熱帯山岳雨林
 タイノ族やマルーンが奴隷労働からこの地に逃れ集団生活を営む
 2008年にムーア・タウンのマルーンの遺産として無形文化遺産に登録"
無形文化遺産,ミジケンダ諸族のカヤ聖域森林,ケニア,(ⅲ)(ⅴ)(ⅳ),文化的景観,,,,,,,"カヤと呼ばれる要塞化された円形の村落が点在している
 2009年にミジケンダの聖なる森林にあるカヤに関する伝統と慣習として無形文化遺産に登録"
無形文化遺産,ベルギーとフランスの鐘楼群,フランス、ベルギー,(ⅱ)(ⅳ),,,,,,,,"11世紀から17世紀の鐘楼が数多く残されており55の鐘楼が世界遺産に登録されている
 ホリヨンの文化がベルギーの無形文化遺産に登録"
無形文化遺産,エル・タヒンの古代都市,メキシコ,(ⅲ)(ⅳ),,,トトナカ人,,,,,
無形文化遺産,ワディ・ラム保護地域,ヨルダン,(ⅲ)(ⅴ)(ⅶ),,,,ベドウィン,,,,彼らの知恵や技術が口承されその文化的空間が無形文化遺産に登録
無形文化遺産,イランのアルメニア教会修道院群,イラン・イスラム,(ⅱ)(ⅲ)(ⅵ),,,,,,"聖タデウス修道院
 聖ステファノス修道院
 ゾルゾルの聖マリア聖堂",,"各構成資産はアルメニア人の伝統建築や装飾を顕著に表す建造物群
 毎年7月に行われる修道院への巡礼が無形文化遺産に登録"
無形文化遺産,アル・アインの文化的景観（ハフィート、ヒリ、ビダ・ビント・サウードとオアシス群）,アラブ首長国連邦,(ⅲ)(ⅳ)(ⅴ),,,,,,,,ヒリでは鉄器時代の灌漑施設アフラージュの跡が発見されている
無形文化遺産,宗廟,大韓民国,(ⅳ),,,,李成桂,,,,
無形文化遺産,フィリピンのコルディリェーラの棚田群,フィリピン,(ⅲ)(ⅳ)(ⅴ),文化的景観,,イフガオ族,,,,,種まきや収穫葬儀などに際して行われるハドハドという詠唱が無形文化遺産に登録
無形文化遺産,バリの文化的景観：バリ・ヒンドゥー哲学トリ・ヒタ・カラナを表す水利システム「スバック」,インドネシア,(ⅲ)(ⅴ)(ⅵ),文化的景観,,,,,,,スバックがバリ・ヒンドゥーの哲学であるトリ・ヒタ・カラナの概念を反映している
道の遺産,サンティアゴ・デ・コンポステーラの巡礼路：カミノ・フランセスとスペイン北部の道,スペイン,(ⅱ)(ⅳ)(ⅵ),,,,,,,ロマネスク様式,"原初の道内陸バスクの道リエバナの道がスペイン北部の道として2015年に拡大登録された
 巡礼路はナバーラ王国の首都であったパンプローナやレオン王国の首都であったレオンなど
 9世紀に聖ヤコブの墓が発見されたことにより巡礼が盛んになっていく"
道の遺産,フランスのサンティアゴ・デ・コンポステーラの巡礼路,フランス,(ⅱ)(ⅳ)(ⅵ),,,,,,"サン・ガティアン大聖堂
 サン・セルナン協会
 ル・ピュイの道",,
道の遺産,サンティアゴ・デ・コンポステーラ（旧市街）,スペイン,(ⅰ)(ⅱ)(ⅵ),,,,,,栄光の門,,黄金に輝く傑作であるチュリゲラ様式のファサード
道の遺産,ピレネー山脈のペルデュ山,スペイン及びフランス,(ⅲ)(ⅳ)(ⅴ)(ⅶ)(ⅷ),文化的景観,,,,,,,"移牧
 ガルヴァニーには氷河の浸食作用で形成された圏谷が広がる"
道の遺産,アルルのローマ遺跡とロマネスク建築,フランス,(ⅱ)(ⅳ),,,,,,"サン・トロフィーム聖堂
 サン・トノラ教会",ロマネスク様式,サン・トロフィーム聖堂の扉口上のタンパンに最後の審判を再現した彫刻がある
道の遺産,アミアンの大聖堂,フランス,(ⅰ)(ⅱ),,,,,,,ゴシック建築,ゴシックの大聖堂としては極めて珍しい統一感のある建造物を生み出した
道の遺産,ヴェズレーの教会と丘,フランス,(ⅰ)(ⅵ),,,,,,サント・マドレーヌ教会,,
道の遺産,ブールジュの大聖堂,フランス,(ⅰ)(ⅳ),,,,,,,,ルネサンス様式の北塔は芸術的な美しさを備えている
道の遺産,アルブラとベルニナの景観とレーティッシュ鉄道,イタリア及びスイス,(ⅱ)(ⅳ),,,,,,,,"アルプスの最高地点を走る鉄道
 20世紀初頭の山岳鉄道建設における最高レベルの技術"
道の遺産,ゼメリング鉄道,オーストリア,(ⅱ)(ⅳ),,,,,,,,グログニッツとミュルツツーシュラクを結ぶ
道の遺産,フォース鉄道橋,イギリス,(ⅰ)(ⅳ),,,,,,,,"世界で最初期につくられたトラス式カンチレバー橋
 現在でも世界第2位の長さ"
道の遺産,ミディ運河,フランス,(ⅰ)(ⅱ)(ⅳ)(ⅵ),,,,ピエール・ポール・リケ,,,,
道の遺産,ポントカサステ水路橋と運河,イギリス,(ⅰ)(ⅱ)(ⅳ),,,,,,,,産業革命の土木技術を結集させた英国で最も高く長い水路橋
道の遺産,シルク・ロード：長安から天山回廊の交易網,カザフスタン/キルギス/中国,(ⅱ)(ⅲ)(ⅴ)(ⅵ),,,,,,,,中継交易
道の遺産,京杭大運河,中国,(ⅰ)(ⅲ)(ⅳ)(ⅵ),,隋,,煬帝,,,,
道の遺産,イラン縦貫鉄道,イラン・イスラム,(ⅱ)(ⅳ),,,,,,,,外国からの投資と支配を避けるためイラン国内資本によって賄われた
道の遺産,ネゲヴにある香料の道と砂漠都市群,イスラエル,(ⅲ)(ⅴ),文化的景観,,ナバテア（ナバタイ）人,,,,,
道の遺産,カパック・ニャン：アンデスの道,アルゼンチン/エクアドル/コロンビア/チリ/ペルー/ボリビア,(ⅱ)(ⅲ)(ⅳ)(ⅵ),,,,,,,,インカ道と呼ばれる細く入り組んだ道と結びつきながら広がっていった
道の遺産,カミノ・レアル・ディ・ティエラ・アデントロ－メキシコ内陸部の王の道,メキシコ,(ⅱ)(ⅳ),,,,,,,,銀の道
化石,カナディアン・ロッキー山脈国立公園群,カナダ,(ⅶ)(ⅷ),,カンブリア紀,,,アノマロカリス,,,ウォルコットが発見した地層をバージェス頁岩と命名した
化石,澄江の化石出土地域,中国,(ⅷ),,カンブリア紀,,,ナラオイア,,,
化石,ミステイクン・ポイント,カナダ,(ⅷ),,エディアカラン生物群,,,,,,
化石,イスチグアラストとタランパヤ自然公園群,アルゼンチン,(ⅷ),,三畳紀,,,,,,
化石,ジョギンズの化石断崖群,カナダ,(ⅷ),,ペンシルベニア紀,,,,,,
化石,ミグアシャ国立公園,カナダ,(ⅷ),,,,,ステノプテロン,,,
化石,サン・ジョルジオ山,イタリア及びスイス,(ⅷ),,,,,タニストロフェウス,,,
化石,メッセルの化石採掘地域,ドイツ,(ⅷ),,,,,,,,オイルシェール層
化石,ワディ・アル・ヒタン（鯨の谷）,エジプト・アラブ,(ⅷ),,新世代古第三紀,,,バシロサウルス,,,
化石,オーストラリアの哺乳類の化石保存地区,オーストラリア,(ⅷ)(ⅸ),,,,,ティラコレオ,,,
化石,南アフリカの人類化石遺産群,南アフリカ,(ⅲ)(ⅵ),,,アウストラロピテクス・アフリカヌス,,,,,
化石,アタプエルカの考古遺跡群,スペイン,(ⅲ)(ⅴ),,,ホモ・アンテセッサー,,,,,
化石,人類化石出土のサンギラン遺跡,インドネシア,(ⅲ)(ⅳ),,,ホモ・エレクトゥス・エレクトゥス,,,,,
化石,北京原人化石出土の周口店遺跡,中国,(ⅲ)(ⅵ),,,シナントロプス・ペキネンシス（北京原人）,,,,,
化石,カルメル山の人類の進化を示す遺跡群：ナハル・メアロット/ワディ・エル-ムガラ洞窟,イスラエル,(ⅲ)(ⅴ),,ムスティエ文化,,,,,,
化石,オモ川下流域,エチオピア,(ⅲ)(ⅳ),,,新種のアウストラロピテクス属,,,,,
巨石記念物,ストーンヘンジ、エイヴベリーの巨石遺跡と関連遺産群,イギリス,(ⅰ)(ⅱ)(ⅲ),,,,,,,,"第2期にブルー・ストーンと呼ばれる石でメンヒル群が形成された
 ストーンヘンジはブリティッシュ・ヘリテイジが管理
 ヨーロッパ最大級の環状列石であるエイヴベリーはナショナル・トラストが管理"
巨石記念物,高敞、和順、江華の支石墓跡,韓国,(ⅲ),,,,,,,,"支石墓のことを英語でドルメン韓国語でコインドルという
 垂直な岩板で石室をつくり天井岩を支える卓子形支石墓（北部式）
 支石の上に蓋石を置く碁盤形支石墓（南部式）"
巨石記念物,メノルカ島のタライオティック文化先史遺跡群,スペイン,(ⅲ)(ⅳ),,,,,,タラヨット,キュクロプス式,
巨石記念物,マルタの巨石神殿群,マルタ,(ⅳ),,,,,,,,1980年にジュガンティーヤの2基が登録され1992年に5つの神殿が拡大登録された
巨石記念物,セネガンビアのストーン・サークル遺跡群,ガンビア及びセネガル,(ⅰ)(ⅲ),,,,,,,,ストーン・サークルには墳墓が付随している
巨石記念物,ディキスの石球のある先コロンブス期の首長制集落群,コスタリカ,(ⅲ),,,,,,,,"首長は力関係に応じた階層的な集落を形成していた
 完璧な球形をした石球が集積している"
巨石記念物,オークニー諸島の新石器時代遺跡,イギリス,(ⅰ)(ⅱ)(ⅲ)(ⅳ),,,,,,,,メインランド島にあるスカラ・ブラエなど4つの遺跡で登録されている
巨石記念物,セント・キルダ諸島,イギリス,(ⅲ)(ⅴ)(ⅶ)(ⅸ)(ⅹ),文化的景観,,,,,,,海鳥の繁殖地になっている
巨石記念物,アンテケラの支石墓遺跡,スペイン,(ⅰ)(ⅱ)(ⅳ),,,,,,"メンガとビエラの支石墓
 エル・ロメラルのトロス",,
巨石記念物,バルーミニのスー・ヌラージ,イタリア,(ⅰ)(ⅲ)(ⅳ),,,,,,,,紀元前16世紀頃から始まった堅固な要塞をヌラーゲという
巨石記念物,ギョベクリ・テペ,トルコ,(ⅰ)(ⅱ)(ⅳ),,先土器新石器時代,,,,,,
巨石記念物,ティヤの石碑群,エチオピア,(ⅰ)(ⅳ),,,,,,,,アフリカ先史時代から残る36基の石碑
古代文明,メンフィスのピラミッド地帯,エジプト・アラブ,(ⅰ)(ⅲ)(ⅵ),,,,ジェセル王,,,,"日干しレンガなどを用いたマスタバと呼ばれる角形の墳墓が主流だった
 クフ王の時代に現存最大のピラミッドが築かれた"
古代文明,殷墟,中国,(ⅱ)(ⅲ)(ⅳ)(ⅵ),,殷王朝,,,,,,甲骨文字
古代文明,イラク南部のアフワル：生物多様性の保護地域とメソポタミアの都市の残存景観,イラク,(ⅲ)(ⅴ)(ⅸ)(ⅹ),,シュメール都市,,,,,,世界最大の内陸デルタ地帯の1つ
古代文明,モヘンジョ・ダーロの遺跡群,パキスタン,(ⅱ)(ⅲ),,,,,,,,"整備された下水道網が建物の間に張り巡らされた
 壮大な王宮や墓廟神殿などがないため強大な権力者が存在しなかったと考えられている"
古代文明,バット、アル・フトゥム、アル・アインの考古遺跡,オマーン,(ⅲ)(ⅳ),,,,,,,,アフダル山地にマガン国が造営したとされる集落跡
古代文明,ティカル国立公園,グアテマラ,(ⅰ)(ⅲ)(ⅳ)(ⅸ)(ⅹ),,,,,,,,"39人の王を輩出した強大な都市であった
 1号神殿からア・カカウ王の墓や埋葬品が発見された
 ティカル最後の記録が残る石碑11に869年に相当するマヤ歴の日付を示している"
古代文明,メロエ島の考古遺跡,スーダン,(ⅱ)(ⅲ)(ⅳ)(ⅴ),,クシュ王国,,,,,,アフリカの黒人史上最初の鉄器製造の中心地となった
古代文明,ヒッタイトの首都ハットゥシャ,トルコ,(ⅰ)(ⅱ)(ⅲ)(ⅳ),,,,,,,,ヒッタイト人は優れた製鉄技術を持つ騎馬民族であった
古代文明,カンペチェ州カラクムルの古代マヤ都市と保護熱帯雨林群,メキシコ,(ⅰ)(ⅱ)(ⅲ)(ⅳ)(ⅸ)(ⅹ),,,,,,,,建造物Ⅱはマヤ遺跡の中でも最大級のピラミッドであった
古代文明,ピュー族の古代都市群,ミャンマー,(ⅱ)(ⅲ)(ⅳ),,,,,,,,ハリンベイッタノシュリ・クシェートラはピュー族の王国群
古代文明,アッシュル（カラット・シェルカット）,イラク,(ⅲ)(ⅳ),危機遺産,,,,,,,アッシリアの最初の首都
古代文明,アル・ヒジルの考古遺跡（マダイン・サレハ）,サウジアラビア,(ⅱ)(ⅲ),,,ナバテア（ナバタイ）人,,,,,アル・ヒジルとは岩の多い場所を意味する
古代文明,ジャール平原：シェンクワーン県の巨大石壺遺跡群,ラオス,(ⅲ),,,,マドレーヌ・コラーニ,,,,
歴史的な出来事,ヴェルサイユ宮殿と庭園,フランス,(ⅰ)(ⅱ)(ⅵ),,,,ルイ14世,,,フランス・バロック様式,鏡の間では第一次世界大戦の講和条約であるヴェルサイユ条約が結ばれた場所
歴史的な出来事,デロス島,ギリシャ,(ⅱ)(ⅲ)(ⅳ)(ⅵ),,,,,,,,月の女神アルテミスが生まれた島
歴史的な出来事,エフェソス,トルコ,(ⅲ)(ⅳ)(ⅵ),,,,,,アルテミス神殿跡,,
歴史的な出来事,イエス洗礼の地「ヨルダン川対岸のベタニア」（アル・マグタス）,ヨルダン・ハシェミット,(ⅲ)(ⅵ),,,,,,,,ナザレのイエスが洗礼者ヨハネから洗礼を受けたと信じられている場所
歴史的な出来事,アーヘンの大聖堂,ドイツ,(ⅰ)(ⅱ)(ⅳ)(ⅵ),,,,,,,集中式,カールの戴冠が行われた
歴史的な出来事,アヴィニョンの歴史地区：教皇庁宮殿、司教の建造物群、アヴィニョンの橋,フランス,(ⅰ)(ⅱ)(ⅳ),,,,,,,,フィリップ4世がクレメンス5世に圧力をかけアヴィニョンに教皇庁を移転させた
歴史的な出来事,ピサのドゥオーモ広場,イタリア,(ⅰ)(ⅱ)(ⅳ)(ⅵ),,,,,,,,東方貿易の拠点として大いに栄えた
歴史的な出来事,歴史都市トレド,スペイン,(ⅰ)(ⅱ)(ⅲ)(ⅳ),,,,,,クリスト・デ・ル・ルス,,
歴史的な出来事,ケープ植物区保護地域群,南アフリカ,(ⅸ)(ⅹ),,,,,,,,フィンボスと呼ばれる灌木植生地域が広がる
歴史的な出来事,アイスレーベンとヴィッテンベルクのルター記念建造物群,ドイツ,(ⅳ)(ⅵ),,,,ルター,,,,贖宥状を販売していたローマ・カトリック教会を批判
歴史的な出来事,ウェストミンスター宮殿、ウェストミンスター・アビーとセント・マーガレット教会,イギリス,(ⅰ)(ⅱ)(ⅳ),,,,,,,"新古典主義様式
 ゴシック・リバイバル様式",議会を国王が武力で押さえつけたことがピューリタン革命の発端となった
歴史的な出来事,独立記念館,アメリカ,(ⅵ),,,,トマス・ジェファソン,,,,
歴史的な出来事,プランタン＝モレトゥスの家屋・工房・博物館とその関連施設,ベルギー,(ⅱ)(ⅲ)(ⅳ)(ⅵ),,,,クリストフ・プランタン,,,,
歴史的な出来事,アイアンブリッジ峡谷,イギリス,(ⅰ)(ⅱ)(ⅳ)(ⅵ),,,,エイブラハム・ダービー1世,,,,
歴史的な出来事,モスクワのクレムリンと赤の広場,ロシア,(ⅰ)(ⅱ)(ⅳ)(ⅵ),,,,,,,,ロシア革命で権力を握ったソビエトが首都をモスクワに定めクレムリンに最高指導者が居住した
歴史的な出来事,頤和園：北京の夏の離宮と皇帝庭園,中国,(ⅰ)(ⅱ)(ⅲ),,,,西太后,,,,第二次アヘン戦争（アロー戦争）で庭園は破壊される
歴史的な出来事,ポツダムとベルリンの宮殿と庭園,ドイツ,(ⅰ)(ⅱ)(ⅳ),,,,フリードリヒ2世,,"サンスーシ宮殿
 ツェツィーリエンホーフ宮殿",,
歴史的な出来事,グランマ号上陸記念国立公園,キューバ,(ⅶ)(ⅷ),,,,,,,,石灰岩の海岸砂丘
歴史的な出来事,廬山国立公園,中国,(ⅱ)(ⅲ)(ⅳ)(ⅵ),文化的景観,,,,,,,20世紀前半に毛沢東がを開いた廬山会議
歴史的な出来事,ロベン島,南アフリカ,(ⅲ)(ⅵ),負の遺産,,,ネルソン・マンデラ,,,,アパルトヘイトが法制化されると反対する政治犯を収監する刑務所として使用された
帝国系,ローマの歴史地区と教皇領、サン・パオロ・フォーリ・レ・ムーラ聖堂,イタリア,(ⅰ)(ⅱ)(ⅲ)(ⅳ)(ⅵ),,,,アウグストゥス,,"コロッセウム
 パンテオン
 サン・パオロ・フォーリ・レ・ムーラ聖堂",,
帝国系,オランジュの凱旋門、ローマ劇場とその周辺,フランス,(ⅲ)(ⅵ),,,,,,ローマ劇場,,凱旋門のレリーフにはガリア人とローマ人の様子が再現されている
帝国系,カルタゴの考古遺跡,チュニジア,(ⅱ)(ⅲ)(ⅵ),,,フェニキア人,ハンニバル,,,,3度にわたるポエニ戦争の結果町は完全に壊滅した
帝国系,バースの市街,イギリス,(ⅰ)(ⅱ)(ⅳ),,,,,,スリス・ミネルヴァ神殿,,
帝国系,隊商都市ボスラ,シリア・アラブ,(ⅰ)(ⅲ)(ⅵ),危機遺産,,,,,,,2世紀初頭にローマ帝国のアラビア属州の州都となる
帝国系,ローマ帝国の境界線,イギリス及びドイツ,(ⅱ)(ⅲ)(ⅳ),,,,ハドリアヌス帝,,,,異民族の侵入に備えて築かれた
帝国系,イスタンブルの歴史地区,トルコ,(ⅰ)(ⅱ)(ⅲ)(ⅳ),,,,,,"アヤ・ソフィア
 トプカプ宮殿",,ローマ帝国が東西に分裂するとビザンツ帝国の首都となりコンスタンティノープルに改称された
帝国系,ロドス島の中世都市,ギリシャ,(ⅱ)(ⅳ)(ⅴ),,,,,,,,"聖ヨハネ騎士団が街を再建し強固な要塞で街を防御した
 オスマン帝国のスレイマン大帝による攻撃は防ぎきれなかった"
帝国系,モルドヴァ地方の教会群,ルーマニア,(ⅰ)(ⅳ),,,,シュテファン大公,,,,モルドヴァ公国
帝国系,要塞教会のあるトランシルヴァニアの村落,ルーマニア,(ⅳ),,,ザクセン人,,,,,三重の防壁をめぐらしたピエルタンの要塞教会
帝国系,ブルサとジュマルクズク：オスマン帝国発祥の地,トルコ,(ⅰ)(ⅱ)(ⅳ)(ⅵ),,,,,,,,モスクやマドラサハマム貧者向けの台所からなる複合施設キュリエが残る
帝国系,ヴィシェグラードのメフメド・パシャ・ソコロヴィッチ橋,ボスニア・ヘルツェゴビナ,(ⅱ)(ⅳ),,,,ミマール・スィナン,,,,
帝国系,ベラトとギロカストラの歴史地区,アルバニア,(ⅲ)(ⅳ),,,,,,,,イタリア語で小塔を意味するタレットが特徴
帝国系,グレート・ブルカン・カルドゥン山と周辺の聖なる景観,モンゴル,(ⅳ)(ⅵ),,,,チンギス・ハン,,,,
帝国系,オルホン渓谷の文化的景観,モンゴル,(ⅱ)(ⅲ)(ⅳ),,,,,,,,モンゴル帝国の首都カラコルムの遺跡が残る
帝国系,『八萬大蔵経』版木所蔵の海印寺,韓国,(ⅳ)(ⅵ),,,,,,,,蔵経板殿は湿気や劣化を防ぐため床板を敷いていない
帝国系,ウラジーミルとスーズダリの白い建造物群,ロシア,(ⅰ)(ⅱ)(ⅳ),,,,,,ウスペンスキー大聖堂,,
帝国系,カザン・クレムリンの歴史的建造物群,ロシア,(ⅱ)(ⅲ)(ⅳ),,,,,,"シュユンベキ塔
 ブラゴヴェシェンスキー大聖堂",イスラムとロシア正教の影響を受けた歴史的建築物,
帝国系,ボルガルの歴史的考古学的遺産群,ロシア,(ⅱ)(ⅵ),,ヴォルガ・ボルガル文明,,,,,,
大英帝国,オーストラリアの囚人収容所遺跡群,オーストラリア,(ⅳ)(ⅵ),負の遺産,,,,,"カスケーズ女子工場
 ソルトウォーター・リヴァーの炭鉱跡",,"囚人の労働力を利用した植民地開拓
 先住民であるアボリジニは居住地を追われる"
大英帝国,王立展示館とカールトン庭園,オーストラリア,(ⅱ),,,,,,,"ビザンツ様式
 ロマネスク様式
 ルネサンス様式",万国博覧会の展示会場
大英帝国,ソルテア,イギリス,(ⅱ)(ⅳ),,,,,,,,父子主義（パターナリズム）の精神に基づき労働者を保護した
大英帝国,ヴィクトリアの滝（モシ・オ・トゥニャ）,ザンビア及びジンバブエ,(ⅶ)(ⅷ),,,,リヴィングストン,,,,轟音を響かせる水煙
大英帝国,ルーネンバーグの旧市街,カナダ,(ⅳ)(ⅴ),,,,,,,ヴィクトリア朝建築,現地を知らない役人がロンドンの机上で都市計画をつくり上げた
大英帝国,レブカ歴史的港湾都市,フィジー,(ⅱ)(ⅳ),,,,,,,,オバラウ島にあるフィジー植民地の最初の首都
大英帝国,ガーナのベナン湾沿いの城塞群,ガーナ,(ⅵ),負の遺産,,,,,,,黄金海岸
大英帝国,バミューダ諸島：歴史的都市セント・ジョージと関連遺産群,イギリス,(ⅳ),,,,,,セント・ピーターズ教会,,
大英帝国,アンティグアの海軍造船所と関連考古遺跡群,アンティグア・バーブーダ,(ⅱ)(ⅳ),,,,,,,,ハリケーンの被害を和らげる自然のシェルター
大英帝国,歴史都市ブリッジタウンとその要塞,バルバドス,(ⅱ)(ⅲ)(ⅳ),,,,,,,,街路は不規則に配置されている
大航海都市と植民都市,セビーリャの大聖堂、アルカサル、インディアス古文書館,スペイン,(ⅰ)(ⅱ)(ⅲ)(ⅵ),,,,,,"クリストファー・コロンブスの墓
 ヒラルダの塔",ムデハル様式,ヨーロッパとイスラムが融合した
大航海都市と植民都市,ポルトの歴史地区、ルイス1世橋とセラ・ド・ピラール修道院,ポルトガル,(ⅳ),,,,エンリケ航海王子,,"フェルナンド王の市壁
 ポルト大聖堂
 ドン・ルイス1世橋",,
大航海都市と植民都市,リスボンのジェロニモス修道院とベレンの塔,ポルトガル,(ⅲ)(ⅵ),,,,"ヴァスコ・ダ・ガマ
 エンリケ航海王子",,,マヌエル様式,危険な航海に乗り出す船乗りたちの心のよりどころとして建立
大航海都市と植民都市,サン・クリストバル・デ・ラ・ラグナ,スペイン,(ⅱ)(ⅳ),,,,,,,,"植民地政策のモデルになった都市
 要塞を持たない最初の都市
 レオナルド・ダ・ヴィンチが構想したイタリアのイモラの都市計画を当時の軍政府長官がこの地の都市計画に採用した"
大航海都市と植民都市,サルヴァドル・デ・バイアの歴史地区,ブラジル,(ⅳ)(ⅵ),,,,,,,,"ポルトガル領ブラジルの首都
 新大陸の奴隷市場"
大航海都市と植民都市,プエブラの歴史地区,メキシコ,(ⅱ)(ⅳ),,,,,,ロザリオの聖母礼拝堂,バロック様式,アズレージョ
大航海都市と植民都市,コロとその港,ベネズエラ・ボリバル,(ⅳ)(ⅴ),危機遺産,,,,,太陽の家,バロック様式,太陽の家
大航海都市と植民都市,パラマリボの歴史街区,スリナム,(ⅱ)(ⅳ),,,,,,,,クレオール文化
大航海都市と植民都市,海港都市バルパライソの歴史地区,チリ,(ⅲ),,,,,,サンド・ドミンゴの丘,,
大航海都市と植民都市,シエンフエゴスの歴史地区,キューバ,(ⅱ)(ⅳ),,,,,,,新古典主義,
大航海都市と植民都市,ビガンの歴史地区,フィリピン,(ⅱ)(ⅳ),,,,,,,,石と木を組み合わせた家屋はタガログ語でバハイ・ナ・バトと呼ばれる
大航海都市と植民都市,マカオの歴史地区,中国,(ⅱ)(ⅲ)(ⅳ)(ⅵ),,,,,,"聖ポール大聖堂
 ギア灯台
 聖ヨセフ修道院",,
歴史上の人物,始皇帝陵と兵馬俑坑,中国,(ⅰ)(ⅲ)(ⅳ)(ⅵ),,秦王朝,,,,"始皇帝の陵墓
 兵馬俑坑",,"史記に「天井には天文の絵を描き床には水銀を流して川や海をつくった」
 陪葬坑"
歴史上の人物,泰山,中国,(ⅰ)(ⅱ)(ⅲ)(ⅳ)(ⅴ)(ⅵ)(ⅶ),,,,,,,,秦の始皇帝が封禅という儀式をはじめ後の皇帝は岱山で行った
歴史上の人物,万里の長城,中国,(ⅰ)(ⅱ)(ⅲ)(ⅳ)(ⅵ),,,,,,,,"北方の民族に備えるための城壁
 長城を挟んで異民族同士の文化交流や交易などが行われた"
歴史上の人物,グアナフアトの歴史地区と鉱山,メキシコ,(ⅰ)(ⅱ)(ⅳ)(ⅵ),,,,フェリペ2世,,バレンシアナ教会堂,ウルトラ・バロック様式,
歴史上の人物,サン・ペドロ・デ・ラ・ロカ城,キューバ,(ⅳ)(ⅴ),,,,フアン・バッティスタ・アントネッリ,,,ルネサンス様式,
歴史上の人物,エル・スコリアール修道院と王立施設,スペイン,(ⅰ)(ⅱ)(ⅵ),,,,聖ラウレンティウス,,,,王立の複合施設
歴史上の人物,アルマデンとイドリア：水銀鉱山の遺跡,スペイン及びスロベニア,(ⅱ)(ⅳ),,,,,,,,"アマルガム法
 近年まで世界最大だった水銀鉱山"
歴史上の人物,ポトシの市街,ボリビア,(ⅱ)(ⅳ)(ⅵ),,,,,,,メスティソ様式,"アマルガム法
 17世紀半ばまでの約100年間で世界の銀産出量の半分を産出"
歴史上の人物,モンバサのフォート・ジーザス,ケニア,(ⅱ)(ⅴ),,,,,,,,ルネサンスの理念を反映した
歴史上の人物,シェーンブルン宮殿と庭園,オーストリア,(ⅰ)(ⅳ),,,,フィッシャー・フォン・エアラッハ,,,,"マリア・テレジア
 ウィーン会議"
歴史上の人物,ヴロツワフの百周年記念ホール,ポーランド,(ⅰ)(ⅱ)(ⅳ),,,,マックスベルク,,,,ローマの円形闘技場を模したドーム
歴史上の人物,ミール城と関連遺産群,ベラルーシ,(ⅱ)(ⅳ),,,,,,,,イリイニチ家が創建したときはゴシック建築
歴史上の人物,ビリニュスの歴史地区,リトアニア,(ⅱ)(ⅳ),,,,,,聖アンナ聖堂,,
歴史上の人物,フォンテーヌブロー宮殿と庭園,フランス,(ⅱ)(ⅵ),,,,フランソワ1世,,"回廊
 舞踊の間
 別れの中庭",,
墓地・埋葬,アリカ・イ・パリナコータ州におけるチンチョーロ文化の集落と人工ミイラ製造技術,チリ,(ⅲ)(ⅴ),,,,,,,,"アタカマ砂漠は世界で最も乾燥した地域の1つ
 黒いマンガンで彩色された黒ミイラや酸化鉄由来の赤ミイラがある
 性別や社会階層を問わず乳幼児を含むさまざまな遺体がミイラ処理を施された"
墓地・埋葬,ハル・サフリエニの地下墳墓,マルタ,(ⅲ),,,古代マルタ人,,,,,38ある石室から約7000体もの人骨が見つかった
墓地・埋葬,シラクサとパンタリカの岩壁墓地遺跡,イタリア,(ⅱ)(ⅲ)(ⅳ)(ⅵ),,地中海文明,,キケロ,,,,キケロ「あらゆるギリシャ都市の中で最も美しい」
墓地・埋葬,ケルナヴェ古代遺跡（ケルナヴェ文化保護区）,リトアニア,(ⅲ)(ⅳ),,,,,,,,定住がはじまったとされる旧石器時代後期から中世までの要塞や居住集落などまで幅がある
墓地・埋葬,ヒロキティアの考古遺跡,キプロス,(ⅱ)(ⅲ)(ⅳ),,新石器時代,,,,,,
墓地・埋葬,青銅器時代のサンマルラハデンマキ墓群,フィンランド,(ⅲ)(ⅳ),,,,,,フルート長石塚,,
墓地・埋葬,チェルヴェテリとタルクィニアのエトルリア古代古墳群,イタリア,(ⅰ)(ⅲ)(ⅳ),,,エトルリア人,,,バンディタッチャ墳墓,,
墓地・埋葬,古代カルタゴ都市ケルクアンとそのネクロポリス,チュニジア,(ⅲ),,,,,,,,第一次ポエニ戦争でローマ人によって再建されなかった
墓地・埋葬,カザンラクのトラキア人の古墳,ブルガリア,(ⅰ)(ⅲ)(ⅳ),,,,,,,,色鮮やかな天井画
墓地・埋葬,スヴェシュタリのトラキア人の古墳,ブルガリア,(ⅰ)(ⅲ),,,,,,,,トラキア文化とヘレニズム文化の融合を示している
墓地・埋葬,ナン・マトール：ミクロネシア東部の儀礼的中心地,ミクロネシア,(ⅰ)(ⅲ)(ⅳ)(ⅵ),危機遺産,サウデルール朝,,,,,,古代につくられた100以上の人工島をナン・マトールと呼ぶ
墓地・埋葬,スクーグスシルコゴーデンの森林墓地,スウェーデン,(ⅱ)(ⅳ),,,,エリック・グンナル・アスブルンド,,"森の火葬場
 信仰の礼拝堂
 聖十字架の礼拝堂",,不規則な自然を取り入れる設計概念
墓地・埋葬,ハルシュタット＝ダッハシュタイン/ザルツカンマーグートの文化的景観,オーストリア,(ⅲ)(ⅳ),文化的景観,,,,,,,"数千年にわたる岩塩の採掘がおこなわれている
 ハルシュタット文化"
墓地・埋葬,イェリング墳墓、ルーン石碑と教会,デンマーク,(ⅲ),,,ゲルマン人,,,,,ルーン文字
墓地・埋葬,ステチュツィ：中世の墓碑の残る墓所,クロアチア/セルビア/ボスニア・ヘルツェゴビナ/モンテネグロ,(ⅲ)(ⅵ),,,,,,,,中世ヨーロッパやまたこの地方に特有の図像
墓地・埋葬,ベート・シェアリムのネクロポリス：ユダヤ人再興の中心地,イスラエル,(ⅱ)(ⅲ),,,,,,,,ユダヤ教徒の墓地
墓地・埋葬,ドシェビーチのユダヤ人街とプロコピウス聖堂,チェコ,(ⅱ)(ⅲ),,,,,,プロコピウス聖堂,,
墓地・埋葬,ペーチ（ソピアエナ）の初期キリスト教墓所,ハンガリー,(ⅲ)(ⅳ),,,,,,,,聖書をモチーフにした壁画
墓地・埋葬,ヤズドの歴史都市,イラン・イスラム,(ⅲ)(ⅴ),,,,,,,,"カナートやバードギールが砂漠で限られた資源を使って生存してきたことを示す例
 イスラム教・ユダヤ教・ゾロアスター教たちが平和に共存している"
伝統的な暮らし,カカドゥ国立公園,オーストラリア,(ⅰ)(ⅵ)(ⅶ)(ⅸ)(ⅹ),,,,,,オビリ・ロック,,"オーストラリア最大の国立公園
 アボリジニ独特のX線画法"
伝統的な暮らし,ンゴロンゴロ自然保護区,タンザニア,(ⅳ)(ⅶ)(ⅷ)(ⅸ)(ⅹ),,,マサイ族,,,"ンゴロンゴロ・クレーター
 オルドゥヴァイ渓谷",,
伝統的な暮らし,リヒタースフェルドの文化的及び植物学的景観,南アフリカ,(ⅳ)(ⅴ),文化的景観,,ナマ族,,,,,ハル・オムという移動式住居
伝統的な暮らし,トンガリロ国立公園,ニュージーランド,(ⅵ)(ⅶ)(ⅷ),文化的景観,,,,,"トンガリロ山
 ナウルホエ山
 ルアペフ山",,"マオリの聖地
 ニュージーランド初の国立公園"
伝統的な暮らし,アーシヴィスイトからニピサット：氷と海の間に広がるイヌイットの狩猟場,デンマーク,(ⅴ),文化的景観,,,パレオ・イヌイット,,,,
伝統的な暮らし,サーメ人地域,スウェーデン,(ⅲ)(ⅴ)(ⅶ)(ⅷ)(ⅸ),,,,,,,,"4つの国立公園と2つの国立自然保護区
 ラップランドにいるサーメ人のうち一部はトナカイの放牧で生活を続けている"
伝統的な暮らし,ピマチオウィン・アキ,カナダ,(ⅲ)(ⅵ)(ⅸ),文化的景観,,アニシナアベ族,,,,,文化と自然との調和が評価
伝統的な暮らし,コマニの文化的景観,南アフリカ,(ⅴ)(ⅵ),文化的景観,,サン族,,,,,
伝統的な暮らし,オカピの野生動物保護区,コンゴ民主,(ⅹ),危機遺産,,,ヘンリー・ジョンストン,,,,
伝統的な暮らし,バジ・ビムの文化的景観,オーストラリア,(ⅲ)(ⅴ),文化的景観,,,,,,,世界最古の水産養殖地
伝統的な暮らし,ロレンツ国立公園,インドネシア,(ⅷ)(ⅸ)(ⅹ),,,,,ミユビハリモグラ,,,
伝統的な暮らし,紅川ハニ族棚田群の文化的景観,中国,(ⅲ)(ⅴ),文化的景観,,,,,,,"赤米を作る棚田と伝統的な生活を守り続ける
 森林・水系・棚田・村を利用して独自の灌漑システムを持つ"
伝統的な暮らし,メイマンドの文化的景観,イラン・イスラム,(ⅴ),文化的景観,,,,,,,移牧
伝統的な暮らし,要塞村アイット・ベン・ハドゥ,モロッコ,(ⅳ)(ⅵ),,,ベルベル人,,,,,クサールと呼ばれる要塞村の1つ
伝統的な暮らし,福建土楼群,中国,(ⅲ)(ⅳ)(ⅴ),,,客家,,,,,
伝統的な暮らし,タオス・プエブロの伝統的集落,アメリカ,(ⅳ),,,タオス・プエブロ族,,,,,
伝統的な暮らし,クタマク：バタマリバ人の土地,トーゴ及びベナン,(ⅴ)(ⅵ),文化的景観,,,,,,,タキエンタと呼ばれる泥で築かれた搭状の住居
伝統的な暮らし,アシャンティ族の伝統的建造物群,ガーナ,(ⅴ),,,,,,,,ニャメ神を祀る
伝統的な暮らし,河回村と良洞村の歴史的集落群,韓国,(ⅲ)(ⅳ),,,,,,,,韓国におけるもっと歴史的かつ代表的な氏族村である
伝統的な暮らし,ヴルコリニェツの伝統的集落,スロバキア,(ⅳ)(ⅴ),,,,,,,,オオカミ狩りの猟師たちが住む村
伝統的な暮らし,ホラショヴィツェの歴史的集落,チェコ,(ⅱ)(ⅳ),,,,,,ヴィシー・ブロト修道院,,
伝統的な暮らし,アルベロベッロのトゥルッリ,イタリア,(ⅲ)(ⅳ)(ⅴ),,,,,,,,石灰石を用いた独自の建築が発達していた
文学,サンクト・ペテルブルクの歴史地区と関連建造物群,ロシア,(ⅰ)(ⅱ)(ⅳ)(ⅵ),,,,ピョートル大帝,,"ペトロパヴロフスク要塞
 エルミタージュ美術館
 メンシコフ宮殿",バロック様式,ドストエフスキー「罪と罰」
文学,ミケーネとティリンスの考古遺跡,ギリシャ,(ⅰ)(ⅱ)(ⅲ)(ⅳ)(ⅵ),,,,シュリーマン,,,,ホメロスの叙事詩「イリアス」や「オデュッセイア」
文学,クロンボー城,デンマーク,(ⅳ),,,,,,,,シェイクスピア「ハムレット」
文学,ヴェローナ城,イタリア,(ⅱ)(ⅳ),,,,,,,,シェイクスピア「ロミオとジュリエット」
文学,蘇州の園林,中国,(ⅰ)(ⅱ)(ⅲ)(ⅳ)(ⅴ),,,,,,拙政園,,官僚や豪商文人が私的に築いた
文学,峨眉山と楽山大仏,中国,(ⅳ)(ⅵ)(ⅹ),,,,,アジアゴールデンキャット,,,"李白「峨眉山月歌」芥川龍之介「杜子春」
 世界最大の磨崖仏"
文学,シギショアラの歴史地区,ルーマニア,(ⅲ)(ⅴ),,,トランシルヴァニア・ザクセン人,,,,,「吸血鬼ドラキュラ」のモデルとなったヴラド3世の生家
文学,キリマンジャロ国立公園,タンザニア,(ⅶ),,,,,,,,"成層火山
 垂直分布"
文学,英国の湖水地方,イギリス,(ⅱ)(ⅳ)(ⅵ),文化的景観,,,,,,,ビアトリクス・ポター「ピーターラビットのおはなし」
文学,ヴァイマール古典主義文化,ドイツ,(ⅲ)(ⅵ),,,,ヨハン・ヴォルフガング・フォン・ゲーテ,,,,
文学,リヨンの歴史地区,フランス,(ⅱ)(ⅵ),,,,,,,,アントワーヌ・ドゥ・サン・テグジュリペ「星の王子さま」
文学,アウシュビッツ・ビルケナウ：ナチス・ドイツの強制絶滅収容所（1940-1945）,ポーランド,(ⅵ),負の遺産,,,,,,,"オシフィエンチム
 劣等民族をドイツ本国内に入れないようにするためホロコーストが行われた
 プリーモ・レヴィ「これが人間か」"
文学,アムステルダム中心部：ジンフェルグラハト内部の17世紀の環状運河地区,オランダ,(ⅰ)(ⅱ)(ⅳ),,,,,,,,"ジンフェルグラハト
 アンネの日記
 大規模な都市計画の見本"
文学,イヴレーア：20世紀の産業都市,イタリア,(ⅳ),,,,,,,,"オリベッティ社
 コミュニティ運動"
文学,マウルブロンの修道院関連建造物群,ドイツ,(ⅱ)(ⅳ),,,,,,,ロマネスク様式,"ドイツで最初のシトー会修道院
 ラテン十字形プラン"
文学,クンタ・キンテ島と関連遺産群,ガンビア,(ⅲ)(ⅵ),負の遺産,,,,,"バレン要塞
 サン・ドミンゴの廃墟",,アレックス・ヘイリー「ルーツ」
音楽,プラハの歴史地区,チェコ,(ⅱ)(ⅳ)(ⅵ),,,,アルフォンス・ミュシャ,,聖ヴィート大聖堂,,"ボヘミア王カレル1世がカール4世として即位するとプラハは神聖ローマ帝国の首都となった
 ヴルタヴァ川"
音楽,ザルツブルク家の歴史地区,オーストリア,(ⅱ)(ⅳ)(ⅵ),,,,,,ホーエンザルツブルク城,,岩塩の採掘と交易によって栄えた宗教都市
音楽,ヨーロッパの大温泉都市群,イタリア/イギリス/オーストリア/チェコ/ドイツ/フランス/ベルギー,(ⅱ)(ⅲ),,,,"ゲーテ
 ベートーヴェン",,"カルロヴィ・ヴァリ
 バーデン・バイ・ウィーン
 ヴィシー・グアハウス",,
音楽,リトミシュル城,チェコ,(ⅱ)(ⅳ),,,,,,,,スメタナ「モルダウ」
音楽,ヴァルトブルク城,ドイツ,(ⅲ)(ⅵ),,,,,,,,ヴァーグナー「タンホイザー」
音楽,ザンジバル島のストーン・タウン,タンザニア,(ⅱ)(ⅲ)(ⅵ),負の遺産,,,,,,,スワヒリ文化
音楽,鼓浪嶼（コロンス島）：歴史的共同租界,中国,(ⅱ)(ⅳ),,,,,,,アモイ・デコ様式,外国人のための共同租界（国際共同租界）
音楽,アランフエスの文化的景観,スペイン,(ⅱ)(ⅳ),,,,,,,,ホアキン・ロドリーゴ「アラン・フエス協奏曲」
音楽,リオ・デ・ジャネイロ：山と海に囲まれたカリオカの景観,ブラジル,(ⅴ)(ⅵ),,,,,,,,コルコヴァードの丘もブラジル独立100周年を記念するキリスト像が立つ
音楽,バルセロナのカタルーニャ音楽堂とサン・パウ病院,スペイン,(ⅰ)(ⅱ)(ⅳ),,,,ルイス・ドメネク・イ・モンタネル,,,,
音楽,バイロイトの辺境伯オペラハウス,ドイツ,(ⅰ)(ⅳ),,,,"ジュゼッペ・ガッリ・ビビエーナ
 ヴィルヘルミーネ",,,バロック様式,
音楽,司教座都市アルビ,フランス,(ⅳ)(ⅴ),,,,,,"サント・セシール大聖堂
 ベルビー宮殿",,カタリ派（アルビジョワ派）の拠点の1つ
音楽,バレッタの市街,マルタ,(ⅰ)(ⅵ),,,,,,,,"聖ヨハネ騎士団
 カラバッジョ「執筆する聖ヒエロニムス」「洗礼者聖ヨハネの斬首」
 ジャン・バリソー・ド・ラ・バレッテにちなんだ都市"
音楽,パンプーリャの近代建造物群,ブラジル,(ⅰ)(ⅱ)(ⅳ),,,,オスカー・ニーマイヤー,,パンプーリャ美術,,
音楽,ヴァティカン市国,ヴァティカン,(ⅰ)(ⅱ)(ⅳ)(ⅵ),,,,,,"サン・ピエトロ大聖堂
 システィーナ礼拝堂",,ミケランジェロ「最後の審判」
音楽,ミラノのサンタ・マリア・デッレ・グラーツィエ修道院とレオナルド・ダ・ヴィンチの『最後の晩餐』,イタリア,(ⅰ)(ⅱ),,,,,,,,"ドミニコ会
 レオナルド・ダ・ヴィンチ「最後の晩餐」"
音楽,ウルビーノの歴史地区,イタリア,(ⅱ)(ⅳ),,,,ラファエロ・サンティ,,,,
音楽,ヴェルツブルクの司教館と庭園群,ドイツ,(ⅰ)(ⅳ),,,,,,,,シェーンボルン家
音楽,ストックレ邸,ベルギー,(ⅰ)(ⅱ),,,,ヨーゼフ・ホフマン,,,近現代建築,ゲザムトクンストヴェルグ
音楽,バウハウス関連遺産群：ヴァイマールとデッサウ、ベルナウ,ドイツ,(ⅱ)(ⅳ)(ⅵ),,,,ヴァルター・グロピウス,,,,"教授陣にパウル・クレーやヴァシリー・カンディンスキーなどが名を連ねた
 すべての造形活動の最終目標は完璧な建築にある"
映画,隊商都市ペトラ,ヨルダン,(ⅰ)(ⅲ)(ⅳ),,ナバテア王国,,,,,,"宝物庫を意味するエル・ハズネ
 シークと呼ばれる砂岩が侵食されて形成されたもの
 「インディー・ジョーンズ/最後の聖戦」"
映画,カゼルタの18世紀の王宮と庭園、ヴァンヴィテッリの水道橋、サン・レウチョの関連遺産,イタリア,(ⅰ)(ⅱ)(ⅲ)(ⅳ),,ブルボン朝,,カルロス3世,,,,「スター・ウォーズ」
映画,武陵源：歴史的・景観的重要地区,中国,(ⅶ),,,,,チュウゴクオオサンショウウオ,,,「アバター」
映画,グウィネズのエドワード1世の城郭群,イギリス,(ⅰ)(ⅲ)(ⅳ),,,,エドワード1世,,,,「天空の城ラピュタ」
映画,北京と瀋陽の故宮,中国,(ⅰ)(ⅱ)(ⅲ)(ⅳ),,,,,,"紫禁城
 太和殿",,「ラストエンペラー」
映画,ダラム城と大聖堂,イギリス,(ⅱ)(ⅳ)(ⅵ),,,,,,,ノルマン様式,"「ハリー・ポッター」
 交差リブ・ヴォールトという独特な造り"
映画,スケリッグ・マイケル,アイルランド,(ⅲ)(ⅳ),,,,,,,,"「スター・ウォーズ：最後のジェダイ」
 ヨーロッパに現存する最古の修道院"
映画,ココス島国立公園,コスタリカ,(ⅸ)(ⅹ),,,,,ハンマーヘッド・シャークなどの軟骨魚類,,,"「ジュラシック・パーク」
 入島は厳しく制限されている"
映画,ヌビアの遺産群：アブ・シンベルからフィラエまで,エジプト,(ⅰ)(ⅲ)(ⅵ),,,,ラメセス2世,,,,「ナイル殺人事件」
映画,サン・ジミニャーノの歴史地区,イタリア,(ⅰ)(ⅲ)(ⅳ),,,,,,,,"「ムッソリーニとお茶を」
 皇帝派（ギベリン）と教皇派（ゲルフ）が内戦"
映画,マテーラの洞窟住居サッシと岩窟教会公園,イタリア,(ⅲ)(ⅳ)(ⅴ),,旧石器時代,,,,,,「007 NO TIME TO DIE」
映画,ドーセット及び東デヴォン海岸,イギリス,(ⅷ),,,,メアリー・アニング,イクチオサウルス,,,"「アンモナイトの目覚め」
 約1億8500万年にわたる中生代の地層"
映画,トマールのキリスト騎士団の修道院,ポルトガル,(ⅰ)(ⅵ),,,,,,サンタ・バルバラ回廊,マヌエル様式,「テリー・ギリアムのドン・キホーテ」
映画,青海フフシル（可可西里）,中国,(ⅶ)(ⅹ),,,,,チベットカモシカ（チルー）,,,「ココシリ」
映画,セゴビアの旧市街とローマ水道橋,スペイン,(ⅰ)(ⅲ)(ⅳ),,,,,,アルカサル,,「白雪姫」
海賊,シダーデ・ヴェーリャ、リベイラ・グランデの歴史地区,カーボヴェルテ,(ⅱ)(ⅲ)(ⅳ),,,,フランシス・ドレーク,,,,"ヨーロッパ諸国初の熱帯地域における植民都市
 クレオール文化"
海賊,パナマのカリブ海側の要塞群：ポルトベロとサン・ロレンツォ,パナマ,(ⅰ)(ⅳ),危機遺産,,,バッティスタ・アントネッリ,,サン・ロレンツォ要塞,,ヘンリー・モーガンなどの襲撃を受け要塞は何度も修復された
海賊,カルタヘナの港、要塞、歴史的建造物群,コロンビア,(ⅳ)(ⅵ),,,,フランシス・ドレーク,,,,ペドロ・デ・エレディアによって建設された港湾都市
海賊,アゾレス諸島の港町アングラ・ド・エロイズモ,ポルトガル,(ⅳ)(ⅵ),,,,,,"サン・セバスチアン要塞
 レデントール・デ・セ大聖堂",,
海賊,イビサ島の生物多様性と文化,スペイン,(ⅱ)(ⅲ)(ⅳ)(ⅸ)(ⅹ),,,,,ポシドニア・オセアニカ,プッチ・フダス・ムリンス,,ダルト・ビラにはアラブ風の街並や海賊対策の城壁が残されている
海賊,歴史的要塞都市カンペチェ,メキシコ,(ⅱ)(ⅳ),,,,フランシス・ドレーク,,,バロック様式,
海賊,ハバナの旧市街と要塞群,キューバ,(ⅳ)(ⅴ),,,,,,"フエルサ要塞
 モロ要塞",バロック様式,
海賊,パナマ・ビエホ考古遺跡とパナマの歴史地区,パナマ,(ⅱ)(ⅳ)(ⅵ),,,,ヘンリー・モーガン,,,コロニアル風,
嗜好品（コーヒー、茶、酒、たばこ）,サン・テミリオン地域,フランス,(ⅲ)(ⅳ),文化的景観,,,アウグストゥス,,,,"サンティアゴ・デ・コンポステーラへの巡礼路が通っている
 ジョン欠地王がブドウとワインの生産を保護した"
嗜好品（コーヒー、茶、酒、たばこ）,ジャテツとザーツ・ホープの景観,チェコ,(ⅲ)(ⅳ)(ⅴ),文化的景観,,,,,,,世界中でビール製造の使用されているホップ品種
嗜好品（コーヒー、茶、酒、たばこ）,ラヴォー地域のブドウ畑,スイス,(ⅲ)(ⅳ)(ⅴ),文化的景観,,,,,シヨン城,,シトー会
嗜好品（コーヒー、茶、酒、たばこ）,ピエモンテのブドウ園の景観：ランゲ・ロエロとモンフェッラート,イタリア,(ⅲ)(ⅴ),文化的景観,,,,,,,エルトリア人とケルト人の交易地
嗜好品（コーヒー、茶、酒、たばこ）,コロンビアのコーヒー農園の文化的景観,コロンビア,(ⅴ)(ⅵ),文化的景観,,,,,,,100年を超えるコーヒー農園の伝統を表す
嗜好品（コーヒー、茶、酒、たばこ）,キューバ南東部におけるコーヒー農園発祥地の景観,キューバ,(ⅲ)(ⅳ),文化的景観,,,,,,,キューバで初めてのコーヒープランテーション跡
嗜好品（コーヒー、茶、酒、たばこ）,ファン・ネレ工場,オランダ,(ⅱ)(ⅳ),,,,,,,,ガラスと鉄が用いられた大面積のカーテンウォールを有する
嗜好品（コーヒー、茶、酒、たばこ）,インドの山岳鉄道群,インド,(ⅱ)(ⅳ),,,,,,"ダージリン・ヒマラヤ鉄道
 ニルギリ鉄道
 カールカ・シムラ－鉄道",,紅茶の輸出や避暑地への快適な移動
嗜好品（コーヒー、茶、酒、たばこ）,アルト・ドウロのワイン生産地域,ポルトガル,(ⅲ)(ⅳ)(ⅴ),文化的景観,,,,,,,ドウロ川上流に位置しする2000年の歴史を持つワイン生産地である
嗜好品（コーヒー、茶、酒、たばこ）,普洱（プーアル）の景邁山古茶林の文化的景観,中国,(ⅲ)(ⅴ),文化的景観,,,,,,,"林下栽培
 茶祖信仰"
嗜好品（コーヒー、茶、酒、たばこ）,ビニャーレス渓谷,キューバ,(ⅳ),文化的景観,,,,,,,モゴーテ（断崖）と呼ばれる石灰岩の岩山が点在
嗜好品（コーヒー、茶、酒、たばこ）,ビャウォヴィエジャ森林保護区,ベラルーシ及びポーランド,(ⅸ)(ⅹ),,,,,,,,ヨーロッパ最大の森林地帯
嗜好品（コーヒー、茶、酒、たばこ）,リュウゼツランの景観とテキーラ村の古式産業施設群,メキシコ,(ⅱ)(ⅳ)(ⅴ)(ⅵ),文化的景観,,,,リュウゼツラン,,,
嗜好品（コーヒー、茶、酒、たばこ）,コネリアーノとヴァルドッビアーデネのプロセッコ栽培丘陵群,イタリア,(ⅴ),文化的景観,,,,,,,チリオーニと呼ばれる狭い草だらけの台地
嗜好品（コーヒー、茶、酒、たばこ）,武夷山,中国,(ⅲ)(ⅵ)(ⅶ)(ⅹ),,,,,,,,九曲渓
イスラム建築,イスファハーンのマスジェデ・ジャーメ（金曜モスク）,イラン・イスラム,(ⅱ),,セルジューク朝,,ニザーム・アル・ムルク,,"イマーム広場
 マスジェデ・ジャーメ",4イーワーン,イラン最古の金曜礼拝用モスク
イスラム建築,コルドバの歴史地区,スペイン,(ⅰ)(ⅱ)(ⅲ)(ⅳ),,西ゴート王国,,フェルナンド3世,,メスキータ,,
イスラム建築,ダマスカスの旧市街,シリア・アラブ,(ⅰ)(ⅱ)(ⅲ)(ⅳ)(ⅵ),危機遺産,ウマイヤ朝,,,,,,"旧約聖書
 シリアの世界遺産6件がすべて危機遺産リスト登録"
イスラム建築,ソルターニーイェ,イラン・イスラム,(ⅱ)(ⅲ)(ⅳ),,イル・ハン国,,,,,,
イスラム建築,エディネルのセリミエ・モスクとその関連施設,トルコ,(ⅰ)(ⅳ),,,,ミマール・スィナン,,,,
イスラム建築,ブハラの歴史地区,ウズベキスタン,(ⅱ)(ⅳ)(ⅵ),,サーマーン朝,,,,イスマーイール廟,,
イスラム建築,バゲルハット：モスクを中心とした歴史都市,バングラディシュ,(ⅳ),,,,ハン・ジャハーン・アリー,,ハリファターバッド,,
イスラム建築,デリーのフユマーン廟,インド,(ⅱ)(ⅳ),,,,,,,,ペルシアのインドの建築様式が融合している
イスラム建築,ファテープル・シークリー,インド,(ⅱ)(ⅲ)(ⅳ),,,,,,ブランド・ダルワーザ,,
イスラム建築,グラナダのアルハンブラ宮殿、ヘネラリーフェ離宮、アルバイシン地区,スペイン,(ⅰ)(ⅲ)(ⅳ),,グラナダ王国ナスル朝,,,,,アラベスク様式,
イスラム建築,フェズの旧市街,モロッコ,(ⅱ)(ⅴ),,イドリース朝,,イドリース2世,,,,
イスラム建築,ジェンネの旧市街,マリ,(ⅲ)(ⅳ),危機遺産,,ホゾ族,,,,スーダン様式,
イスラム建築,コートジボワール北部にあるスーダン様式のモスク群,コートジボワール,(ⅱ)(ⅳ),,,,,,,,サハラ交易生まれた様式
ヨーロッパの建築,シャルトルの大聖堂,フランス,(ⅰ)(ⅱ)(ⅳ),,,,,,シャルトルブルー,ゴシック様式,美しき絵ガラスの聖母
ヨーロッパの建築,ティヴォリのハドリアヌス別荘,イタリア,(ⅰ)(ⅱ)(ⅲ),,,,,,"ストア・ポイキレ
 カノプス",,
ヨーロッパの建築,ボイ渓谷のカタルーニャ風ロマネスク様式教会群,スペイン,(ⅱ)(ⅳ),,,,,,サン・クリメン教会,,イスラムの勢力が及ばずキリスト教の教会が数多く建てられた
ヨーロッパの建築,ヴァッセのアポロン・エピクリオス神殿,ギリシャ,(ⅰ)(ⅱ)(ⅲ),,,,,,,"ドーリア式
 イオニア式
 コリント式",
ヨーロッパの建築,フォントネーのシトー会修道院,フランス,(ⅳ),,,,,,,,シトー会最古の修道院
ヨーロッパの建築,トゥルネーのノートル・ダム大聖堂,ベルギー,(ⅱ)(ⅳ),,,,,,,"ロマネスク様式
 ゴシック様式",他地域に先駆けてゴシック様式で改築
ヨーロッパの建築,アフパットとサナインの修道院,アルメニア,(ⅱ)(ⅳ),,,,,,,,"アルメニアは4世紀初めにキリスト教を国教とした国
 聖十字架を奉納するためにアフパットの修道院が建設された
 アプシスには全能者ハリストスのフレスコ画がある"
ヨーロッパの建築,ダフニ、オシオス・ルカス、ヒオスのネア・モニの修道院群,ギリシャ,(ⅰ)(ⅳ),,,,,,オシオス・ルカス修道院,,内接十字形
ヨーロッパの建築,ブレナム宮殿,イギリス,(ⅱ)(ⅳ),,,,ジョン・ヴァンブラ,,,,イギリス式庭園
ヨーロッパの建築,ナンシーのスタニスラス広場、カリエール広場、アリアン巣広場,フランス,(ⅰ)(ⅳ),,,,スタニスラス・レシチニスキー,,,,
ヨーロッパの建築,レーゲンスブルク旧市街とシュタットアムホーム,ドイツ,(ⅱ)(ⅲ)(ⅳ),,,,,,,,神聖ローマ帝国議会が置かれた都市
ヨーロッパの建築,ブリュールのアウグストゥスブルク城と別邸ファルケンルスト,ドイツ,(ⅱ)(ⅳ),,,,クレメンス・アウグスト,,,,
ヨーロッパの建築,ムンバイにあるヴィクトリア朝ゴシックとアール・デコの建造物群,インド,(ⅱ)(ⅳ),,,,,,,ゴシック・リバイバル様式,
ヨーロッパの建築,プスコフ建築派の教会群,ロシア,(ⅱ),,,,,,,,プスコフ建築派によって築かれた教会や聖堂修道院などが残る
ヨーロッパの建築,パレルモのアラブ・ノルマン様式の建造物群と、チェファルとモンレアーレの大聖堂,イタリア,(ⅱ)(ⅳ),,,,シチリア王ルッジェーロ2世,,"チェファル大聖堂
 モンレアーレ大聖堂",,
ヨーロッパの建築,ウルネスの木造教会,ノルウェー,(ⅰ)(ⅱ)(ⅲ),,,,,,,ヴァイキング時代の建築法,ルストラフィヨルドを見下ろすノルウェー最古の木造教会
ヨーロッパの建築,キージ島の木造教会と集落,ロシア,(ⅰ)(ⅳ)(ⅴ),,,,,,プレオブラジェンスカヤ教会,,ポゴーストには釘を用いず複雑な木組みと装飾によって建てられた教会がある
近現代建築,フランク・ロイド・ライトの20世紀の建築,アメリカ,(ⅱ),,,,,,"落水荘
 ジェイコブス邸
 グッゲンハイム美術館
 ロビー邸",有機的建築,"水平ラインを強調するプレイリースタイルは機能主義の建築と対立する概念ととらえることができる
 自然の造形や原理に基づいている"
近現代建築,ブルノのトゥーゲントハート邸,チェコ,(ⅱ)(ⅳ),,,,ミース・ファン・デル・ローエ,,,,
近現代建築,建築家ヴィクトール・オルタによる主な邸宅（ブリュッセル）,ベルギー,(ⅰ)(ⅱ)(ⅳ),,,,,,,,"アール・ヌーヴォー建築の先駆け
 曲線装飾"
近現代建築,リートフェルト設計のシュレーダー邸,オランダ,(ⅰ)(ⅱ),,,,,,,,造形の純粋性を追求する芸術運動「デ・ステイル」の中心人物
近現代建築,アールフェルトのファーグス靴型工場,ドイツ,(ⅱ)(ⅳ),,,,ヴァルター・グロピウス,,,,
近現代建築,ルイス・バラガン邸と仕事場,メキシコ,(ⅰ)(ⅱ),,,,ルイス・バラガン,,,,
近現代建築,ベルリンのモダニズム公共住宅,ドイツ,(ⅱ)(ⅳ),,,,"ブルーノ・タウト
 マルティン・ヴァグナー
 ヴァルター・グロピウス",,,,
近現代建築,チャトラパティ・シヴァージー・ターミナス駅（旧名ヴィクトリア・ターミナス）,インド,(ⅱ)(ⅳ),,,,F・W・スティーヴンス,,,ゴシック・リバイバル様式,英国とインドの文化の融合
近現代建築,シュパイヒャーシュタットと、チリハウスのあるコントールハウス地区,ドイツ,(ⅳ),,,,,,,,シュパイヒャーシュタットと隣接する
近現代建築,リュブリャナにあるヨジェ・プレチニクの作品群：人間中心の都市デザイン,スロベニア,(ⅳ),,,,,,"三本橋
 スロベニア国立大学図書館",,"ウィーン分離派の影響を受ける
 オットー・ワーグナーに建築を学ぶ"
近現代建築,テル・アビーブの近代都市ホワイト・シティ,イスラエル,(ⅱ)(ⅳ),,,,,,,,イスラエルの気候条件に適合するようにつくられている
近現代建築,ブラジリア,ブラジル,(ⅰ)(ⅳ),,,,オスカー・ルシオ・コスタニーマイヤー,,,,上空から見ると飛行機型
近現代建築,アスマラ：アフリカのモダニズム都市,エリトリア,(ⅱ)(ⅳ),,,,,,,イタリア合理主義,
近現代建築,ダルムシュタットのマチルデンフーエ（マチルダの丘）,ドイツ,(ⅱ)(ⅳ),,,,ヘッセ大公エルンスト・ルートヴィヒ,,,,アーツ・アンド・クラフツ運動
近現代建築,技術者エラディオ・ディエステの作品：アトランティーダの教会,ウルグアイ,(ⅳ),,,,,,,,"ウルグアイで入手が容易なレンガにモルタルと鉄筋を組み合わせる
 ガウス・ヴォールト"
旧市街,エディンバラの旧市街と新市街,イギリス,(ⅱ)(ⅳ),,,,,,"エディンバラ城
 スクーンの石
 ホリールードハウス宮殿",,
旧市街,ラバト：近代の首都と歴史都市の側面を併せもつ都市,モロッコ,(ⅱ)(ⅳ),,,,アンリ・ブロスト,,,,"ムワッヒド城壁
 ウダイヤのカスバ"
旧市街,平遥の古代都市,中国,(ⅱ)(ⅲ)(ⅳ),,,,,,,,清代に金融業の中心として繁栄
旧市街,ルクセンブルク市の旧市街と要塞,ルクセンブルク,(ⅳ),,,,,,,イスパノ・モレスク様式,
旧市街,リヴィウ歴史地区,ウクライナ,(ⅱ)(ⅴ),危機遺産,,,,,リノック広場,"東欧の伝統的な様式
 バロック様式
 ルネサンス様式",1772年のポーランド分割によってオーストラリア帝国領
旧市街,タリンの歴史地区,エストニア,(ⅱ)(ⅳ),,,,,,,,"ドイツ騎士修道会
 トーンペア"
旧市街,クヴェートリンブルクの旧市街と聖堂参事会教会、城,ドイツ,(ⅳ),,,,ハインリヒ1世,,,ハーフティンバー様式,
旧市街,クスコの市街,ペルー,(ⅲ)(ⅳ),,,,パチャクテク,,,,インカ帝国の首都
旧市街,ラジャスタン州のジャイプール市街,インド,(ⅱ)(ⅳ)(ⅵ),,,,サワーイー・ジャイ・シング2世,,,,都市計画に従って築かれた街
旧市街,チュニスの旧市街,チュニジア,(ⅱ)(ⅲ)(ⅴ),,,,ハサン・イヴン・アル・ヌウマーン,,ザイトゥーナ・モスク,,
旧市街,ジッダの歴史地区：メッカの入り口,サウジアラビア,(ⅱ)(ⅳ)(ⅵ),,,,ウスマーン・イブン・アッファーン,,,,メッカ巡礼（ハッジ）の玄関口
旧市街,アッコの旧市街,イスラエル,(ⅱ)(ⅲ)(ⅴ),,オスマン帝国,,,,アル・ジャッザール・モスク,,十字軍の遺構の上に建てられた城塞都市
旧市街,ラムの旧市街,ケニア,(ⅱ)(ⅳ)(ⅵ),,,,,,,,サンゴ石とマングローブの木材
庭園,クロムニェジーシュの庭園と宮殿,チェコ,(ⅱ)(ⅳ),,,,,,"ポンペイの柱廊
 快楽の庭園",バロック様式,
庭園,ペルシア庭園,イラン・イスラム,(ⅰ)(ⅱ)(ⅲ)(ⅳ)(ⅵ),文化的景観,アケメネス朝ペルシア,,キュロス2世,,,,ゾロアスター教が重視した空・大地・水・植物の4つの要素に基づいて構成されている
庭園,杭州にある西湖の文化的景観,中国,(ⅱ)(ⅲ)(ⅵ),文化的景観,,,,,,,山水画のような世界
庭園,ホベルト・ブールリ・マルクスの庭園,ブラジル,(ⅱ)(ⅳ),文化的景観,,,ホベルト・ブールリ・マルクス,,,,ランドスケープデザイン
庭園,ティヴォリのエステ家別荘,イタリア,(ⅰ)(ⅱ)(ⅲ)(ⅳ)(ⅵ),,,,ピッロ・リゴーリオ,,オルガンの噴水,バロック様式,フランツ・リストが作曲したピアノ曲集に壮麗な噴水を表題した楽曲がある
庭園,ヴィルヘルムスヘーエ丘陵公園,ドイツ,(ⅲ)(ⅳ),文化的景観,,,,,,,油圧や空気圧を駆使して水が給料の斜面に設けられた水路に供給される
庭園,デッサウ・ヴェルリッツの庭園王国,ドイツ,(ⅱ)(ⅳ),文化的景観,,,レオポルト3世,,,,
庭園,トスカーナのメディチ家の別荘と庭園,イタリア,(ⅱ)(ⅳ)(ⅵ),文化的景観,,,,,,,メディチ家の12の別荘と2つの庭園
庭園,ファウンテン図修道院の廃墟のあるスタッドリー・ロイヤル公園,イギリス,(ⅰ)(ⅳ),,,,ジョン・エイズラビー,,,,1983年にナショナル・トラストの所有物となる
庭園,マフラの王家の建物：宮殿、バシリカ、女子修道院、セルコ庭園、狩猟公園（タパダ）,ポルトガル,(ⅳ),,,,,,"セルコ庭園
 タパダ",バロック様式,
庭園,シーギリヤの古代都市,スリランカ,(ⅱ)(ⅲ)(ⅳ),,シンハラ王国,,カッサパ1世,,"水の庭園
 シーギリヤ・レディ",,
庭園,ゴレスタン宮殿,イラン・イスラム,(ⅱ)(ⅲ)(ⅳ),,カージャール朝,,シャー・ジャハーン帝,,,,初期ペルシア工芸品と西洋建築技術の融合
庭園,承徳の避暑山荘と外八廟,中国,(ⅱ)(ⅳ),,,,,,溥仁寺,,中国全土の縮図といえる景観
庭園,ラホール城とシャーラマール庭園,パキスタン,(ⅰ)(ⅱ)(ⅲ),,,,,,,,ペルシア式泉水庭園
庭園,昌徳宮,韓国,(ⅱ)(ⅲ)(ⅳ),,,,,,秘苑,,
庭園,山寺（サンサ）：韓国の山岳僧院群,韓国,(ⅲ),,,,,,"通度寺
 浮石寺
 鳳停寺
 法住寺
 麻谷寺
 仙岩寺
 大興寺",,マダンという韓国特有の庭園
神話・伝説,ジャイアンツ・コーズウェイとその海岸,イギリス,(ⅶ)(ⅷ),,,,,,,,"正六角形をした約4万本の玄武岩の石柱
 巨人伝説にちなんで巨人の石道と名付けられた"
神話・伝説,エオーリエ諸島,イタリア,(ⅷ),,,,,,,,ストロンボリ諸島
神話・伝説,アマルフィ海岸,イタリア,(ⅱ)(ⅳ)(ⅴ),文化的景観,,,,,アマルフィ大聖堂,,
神話・伝説,ヘラクレスの塔,スペイン,(ⅲ),,,,,,,,世界最古の灯台
神話・伝説,ライン渓谷中流上部,ドイツ,(ⅱ)(ⅳ)(ⅴ),文化的景観,,,,,,,ローレライ伝説
神話・伝説,デルフィの考古遺跡,ギリシャ,(ⅰ)(ⅱ)(ⅲ)(ⅳ)(ⅵ),,,,,,アポロン神殿,,ピュティア
神話・伝説,アフロディシアス,トルコ,(ⅱ)(ⅲ)(ⅳ)(ⅵ),,,,,,,,アフロディーテ信仰を通してローマ帝国と緊密な関係を結ぶ
神話・伝説,ランス・オー・メドー国立歴史公園,カナダ,(ⅵ),,,,ヴァイキング,,,,北アメリカにおける最初のヨーロッパ人の入植地
神話・伝説,ラリベラの岩の聖堂群,エチオピア,(ⅰ)(ⅱ)(ⅲ),,サグウェ朝,,,,キョルギス聖堂,アクスム王国の様式,
神話・伝説,バアルベック,レバノン,(ⅰ)(ⅳ),,,,,,ユピテル神殿,コリント式,
神話・伝説,サナアの旧市街,イエメン,(ⅳ)(ⅴ)(ⅵ),危機遺産,,,,,スーク・アル・ミルフ,,"アベドという日干しレンガを積み上げて作られた高層住宅
 乳香貿易"
神話・伝説,聖山スレイマン・トー,キルギス,(ⅲ)(ⅵ),,,,,,,,"中央アジアの聖山の典型
 民間信仰とイスラム教信仰が混在"
神話・伝説,黄山,中国,(ⅲ)(ⅶ)(ⅹ),,,,,,,,黄山四絶（奇松怪石雲海温泉）が黄山の景色を特徴づけている
神話・伝説,元の上都遺跡,中国,(ⅱ)(ⅲ)(ⅳ)(ⅵ),,,,フビライ・ハン,,,,
神話・伝説,砂漠の城クセイル・アムラ,ヨルダン,(ⅰ)(ⅲ)(ⅳ),,ウマイヤ朝,,,,,,イスラム社会では珍しい図柄のフレスコ画
神話・伝説,クサントスとレトーン,トルコ,(ⅱ)(ⅲ),,,リュキア人,,,,,
聖山,モン・サン・ミシェルとその湾,フランス,(ⅰ)(ⅲ)(ⅵ),,,,ノルマンディー公リシャール1世,,ノートル・ダム・ス・テール聖堂,ノルマンディー・ロマネスク建築,"修道士の瞑想の場である最上階の回廊
 ベネディクト会"
聖山,ピエモンテとロンバルディアのサクロ・モンテ群,イタリア,(ⅱ)(ⅳ),文化的景観,,,,,ヴァラッロ・セジアのサクロ・モンテ,,イスラム教徒の勢力によりエルサレムなどへの聖地巡礼が難しくなったため代替としてつくられた
聖山,メテオラの修道院群,ギリシャ,(ⅰ)(ⅱ)(ⅳ)(ⅴ)(ⅶ),,,,,,"メタモルフォシス修道院
 アギオス・ステファノス修道院",クレタ様式,イコン
聖山,聖山アトス,ギリシャ,(ⅰ)(ⅱ)(ⅳ)(ⅴ)(ⅵ)(ⅶ),,,,,,,,女人禁制
聖山,ブラガのボン・ジェズス・ド・モンテ聖域,ポルトガル,(ⅳ),文化的景観,,,,,,,カトリック教会によって進められた聖山（サクロ・モンテ）を築く運動
聖山,聖カトリーナ修道院地域,エジプト・アラブ,(ⅰ)(ⅲ)(ⅳ)(ⅵ),,,,,,,,シナイ山北麓にあるキリスト教修道院
聖山,マプングブエの文化的景観,南アフリカ,(ⅱ)(ⅲ)(ⅳ)(ⅴ),文化的景観,,,,,,,象牙や金時期やガラス玉などの交易品が多数出土
聖山,ナンダ・デヴィ国立公園と花の谷国立公園,インド,(ⅶ)(ⅹ),,,,,"シャクナゲ
 ユキヒョウ
 ジャコウジカ",,,女神ナンダが住む聖地
聖山,カンチェンジュンガ国立公園,インド,(ⅲ)(ⅳ)(ⅶ)(ⅹ),,,,,,,,神話が伝える神聖さや教訓は仏教の教えと同化しシッキムの民の文化の礎となった
聖山,チャムパーサックの文化的景観にあるワット・プーと関連古代遺跡群,ラオス,(ⅲ)(ⅳ)(ⅵ),文化的景観,,,,,,,カオ山（プー・カオ）
聖山,武当山の道教寺院群,中国,(ⅰ)(ⅱ)(ⅵ),,,,永楽帝,,,,
聖山,五台山,中国,(ⅱ)(ⅲ)(ⅳ)(ⅵ),文化的景観,,,,,,,文殊菩薩の聖地
宗教,キーウ：聖ソフィア聖堂と関連遺産群、キーウ・ペチェルーシク大修道院,ウクライナ,(ⅰ)(ⅱ)(ⅲ)(ⅳ),危機遺産,キエフ大公国,,ヤロスラフ賢公,,,ビザンツ様式とロシアの伝統様式が融合,"オランス（祈り）
 キーウ・ルーシ"
宗教,リラの修道院,ブルガリア,(ⅵ),,,,フレリヨ・ドラゴボラ,,聖母聖堂,,"イワンは死後イワン・リルスキーとして聖人に列せられた
 ブルガリア正教"
宗教,ヤヴォルとシフィドニツァの平和教会,ポーランド,(ⅲ)(ⅳ)(ⅵ),,,,,,,,"砦にならないよう頑丈な石製にすることは禁じられた
 三十年戦争"
宗教,ヒルデスハイムの聖マリア大聖堂と聖ミヒャエル聖堂,ドイツ,(ⅰ)(ⅱ)(ⅲ),,,,ベルンヴァルト,,,,
宗教,シュパイア、ヴォルムス、マインツのユダヤ人共同体（シュム）関連遺産群,ドイツ,(ⅱ)(ⅲ)(ⅵ),,,ユダヤ人,,,,,アシュケナジムのコミュニティが存在した
宗教,アルコバサの修道院,ポルトガル,(ⅰ)(ⅳ),,,,,,,,太ると通ることのできない細い食堂の入口がシトー会の主義を示す
宗教,クリスティアンスフェル：モラヴィア教会入植地,デンマーク/アメリカ/イギリス/ドイツ,(ⅲ)(ⅳ),,,,,,,シビック・バロック様式,"平等とヒューマニズムが重視された街のつくりはプロテスタントの理想都市を象徴
 ルター派"
宗教,タプタプアテア,フランス,(ⅲ)(ⅳ)(ⅵ),文化的景観,,,,,,,オロ神
宗教,聖都アブー・メナー,エジプト・アラブ,(ⅳ),危機遺産,,,聖者メナス,,,,コプト教
宗教,カイロの歴史地区,エジプト・アラブ,(ⅰ)(ⅴ)(ⅵ),,マムルーク朝,,,,ミスル・アル・カーヒラ,,1000のミナレットが立つ街
宗教,バンディアガラの断崖,マリ,(ⅴ)(ⅶ),,,ドゴン族,,,,,アンマ
宗教,サルト：寛容と都市的ホスピタリティの場,ヨルダン,(ⅱ)(ⅲ),,,,,,,,イスラム教徒とキリスト教が共同生活を送った
宗教,ハイファと西ガリラヤのバハイ教聖所群,イスラエル,(ⅲ)(ⅵ),,,,バハウッラー,,,,
宗教,テランガナ州にあるカカーティヤ時代のルドレシュワラ（ラマッパ）寺院,インド,(ⅰ)(ⅲ),,,,レチャーラ・ルドラ,,,,
宗教,アーグラ城,インド,(ⅲ),,ムガル帝国,,アクバル,,,,イスラム教徒とヒンドゥー教徒の融和を図った
宗教,エローラーの石窟寺院群,インド,(ⅰ)(ⅲ)(ⅵ),,,,,,"カイラーサ寺院
 チャイティヤ窟",,仏教・ヒンドゥー教・ジャイナ教
宗教,聖地アヌラーダプラ,スリ Lanka,(ⅱ)(ⅲ)(ⅵ),,,,マヒンダ,,,,
宗教,ラサのポタラ宮歴史地区,中国,(ⅰ)(ⅳ)(ⅵ),,,,ダライ・ラマ,,ジョカン寺,,
宗教,石窟庵と仏国寺,韓国,(ⅰ)(ⅳ),,,,金大城,,,,
学術関連,ザンクト・ガレンの修道院,スイス,(ⅱ)(ⅳ),,,,ガルス,,,,"ベネディクト会
 ロココ様式の付属図書館"
学術関連,パドヴァの植物園（オルト・ボタニコ）,イタリア,(ⅱ)(ⅲ),,,,アンドレア・モロニ,,,,世界最古の植物園
学術関連,キューの王立植物園,イギリス,(ⅱ)(ⅲ)(ⅳ),文化的景観,,,ジョージ3世の母,,パーム・ハウス,,
学術関連,プラド通りとブエン・レティーロ：芸術と科学の景観,スペイン,(ⅱ)(ⅳ)(ⅵ),文化的景観,,,,,,,知識の民主化という啓蒙思想と結びついている
学術関連,アルカラ・デ・エナレスの大学と歴史地区,スペイン,(ⅱ)(ⅳ)(ⅵ),,,,シスネスロ枢機卿,,,,
学術関連,サラマンカの旧市街,スペイン,(ⅰ)(ⅱ)(ⅳ),,,,,,,プラテレスコ様式,
学術関連,コインブラ大学：アルタとソフィア,ポルトガル,(ⅱ)(ⅳ)(ⅵ),,,,,,アルカソヴァの王宮,,
学術関連,シャーロットヴィルのモンティチェロとヴァージニア大学,アメリカ,(ⅰ)(ⅳ)(ⅵ),,,,トマス・ジェファンソン,,,,
学術関連,シンガポール植物園,シンガポール,(ⅱ)(ⅳ),文化的景観,イギリス植民地時代,,ローレンス・ニーベン,,,,ゴムのプランテーション
学術関連,メキシコ国立大学（UNAM）の中央大学都市キャンパス,メキシコ,(ⅰ)(ⅱ)(ⅳ),,,,,,,,メキシコ壁画運動
学術関連,モレリアの歴史地区,メキシコ,(ⅱ)(ⅳ)(ⅵ),,,,,,サン・ニコラス神学校,,
学術関連,カラカスの大学都市,ベネズエラ,(ⅰ)(ⅳ),,,,,,ベネズエラ大学,,
学術関連,ナーランダ・マハーヴィハーラの遺跡群,インド,(ⅳ)(ⅵ),,,,,,,,インド亜大陸における最古の大学
学術関連,ザビードの歴史地区,イエメン,(ⅱ)(ⅳ)(ⅵ),危機遺産,,,,,アル・アシャエル・モスク,,
天文学関連,書院：韓国の性理学教育機関群,韓国,(ⅲ),,李氏朝鮮時代,,,,,,
天文学関連,ジョドレルバンク天文台,イギリス,(ⅰ)(ⅱ)(ⅳ)(ⅵ),,,,バーナード・ラヴェル,,,,"ラヴェル望遠鏡
 国際天文学連合（IAU）"
天文学関連,海事都市グリニッジ,イギリス,(ⅰ)(ⅱ)(ⅳ)(ⅵ),,,,,,,バロック様式,経度0度の本初子午線が通る世界の基点
天文学関連,ブルーナ・ボーニャ：ボイン渓谷の考古遺跡,アイルランド,(ⅰ)(ⅲ)(ⅳ),,,,,,"ニューグレンジ
 ノウス
 ダウス",,
天文学関連,リスコ・カイドとグラン・カナリア島の聖なる山々の文化的景観,スペイン,(ⅲ)(ⅴ),文化的景観,,,,,アルモガレン,,
天文学関連,シュトルーベの測地弧,ウクライナ/エストニア/スウェーデン/ノルウェー/フィンランド/ベラルーシ/モルドバ/ラトビア/リトアニア/ロシア,(ⅱ)(ⅳ)(ⅵ),,,,フリードリヒ・フォン・シュトルーベ,,,,三角測量を行い地球がわずかに楕円形であることが証明された
天文学関連,ジャイプールのジャンタル・マンタル‐マハラジャの天文台,インド,(ⅲ)(ⅳ),,,,ジャイ・シング2世,,サムラート・ヤントラ,,
天文学関連,文化交差路サマルカンド,ウズベキスタン,(ⅰ)(ⅱ)(ⅳ),,,,ウルグ・ベク,,,,
天文学関連,アフラージュ‐オマーンの灌漑システム,オマーン,(ⅴ),,,,,,,,ファラジの複数形
天文学関連,バイカル湖,ロシア,(ⅶ)(ⅷ)(ⅸ)(ⅹ),,,,,,,,ニュートリノ望遠鏡
天文学関連,フラーネカーのエイシンハ・プラネタリウム,オランダ,(ⅳ),,,,エイセ・エイシンハ,,,,
天文学関連,フレーデフォート・ドーム,南アフリカ,(ⅷ),,,,,,,,世界最古にして最大最新の隕石痕
天文学関連,チャンキーヨの天文考古学遺産群,ペルー,(ⅰ)(ⅳ),,,,,,,,太陽を観測して1年の日付を示す暦
天文学関連,開城歴史遺跡地区,北朝鮮,(ⅱ)(ⅲ),,高麗王朝,,,,,,
天文学関連,天壇：北京の皇帝祭壇,中国,(ⅰ)(ⅱ)(ⅲ),,,,,,"祈念殿
 皇穹宇
 圜丘壇",,
産業・経済活動関連遺産,登封の歴史的建造物群‐天地之中,中国,(ⅲ)(ⅵ),,,,,,,,嵩山（中岳）
産業・経済活動関連遺産,ヴィエリチカとボフニャの王立岩塩坑,ポーランド,(ⅳ),,,,カジミエシュ2世,,"聖ギンガの礼拝堂
 ヴィエリチカの製塩所",,ポーランド王国の財源の3分の1を占める
産業・経済活動関連遺産,ラス・メドゥラス,スペイン,(ⅰ)(ⅱ)(ⅲ)(ⅳ),,古代ローマ時代,,,,,,"金の採掘城跡
 大量の水で山を削る技法が用いられた"
産業・経済活動関連遺産,フライ・ベントスの産業景観,ウルグアイ,(ⅱ)(ⅳ),,,,,,,,ウルグアイ川に突き出た食肉処理工場
産業・経済活動関連遺産,サワルントのオンピリン炭鉱遺産,インドネシア,(ⅱ)(ⅳ),文化的景観,,,,,,,石炭の採掘から製造輸送出荷までが一体となったシステム
産業・経済活動関連遺産,ペルシア湾の真珠産業関連遺：島嶼経済の証拠,バーレーン,(ⅲ),,,,,,カラット・ブ・マヒール要塞,,日本の真珠養殖による産業の衰退
産業・経済活動関連遺産,レッド・ベイのバスク人捕鯨基地,カナダ,(ⅲ)(ⅳ),,,,,,,,グラン・ベイヤ
産業・経済活動関連遺産,コルドゥアン灯台,フランス,(ⅰ)(ⅳ),,,,ルイ・ド・フォワ技師,,,マニエリスム,フランス王の栄光の象徴
産業・経済活動関連遺産,ヴァールベリのグリメトン無線局,スウェーデン,(ⅱ)(ⅳ),,,,,,,,"初代アレクサンダーソン製の送信機
 現在は使用されていないがいつでも使用可能な状態である
 大西洋を越える無線通信が可能"
産業・経済活動関連遺産,ダーウェント峡谷の工場群,イギリス,(ⅱ)(ⅳ),,,,リチャード・アークライト,,,,クロムフォード村の工場
産業・経済活動関連遺産,ニュー・ラナーク,イギリス,(ⅱ)(ⅳ)(ⅵ),,,,ロバート・オーウェン,,,,リチャード・アークライトの水力紡績機を導入
産業・経済活動関連遺産,クレスピ・ダッダの企業都市,イタリア,(ⅳ)(ⅴ),,,,,,,,紡績・織物工場
産業・経済活動関連遺産,リューカン・ノトッデンの産業遺産,ノルウェー,(ⅱ)(ⅳ),,,,,,スウェルグフォス水力発電所,,ノシュク・ハイドロ社が空気から窒素を固定する合成肥料を製造するために設立
産業・経済活動関連遺産,セウェル鉱山都市,チリ,(ⅱ),,,,,,エル・テニエンテ銅山,,
産業・経済活動関連遺産,サラン・レ・バン大製塩所からアルケ・スナン王立製塩所までの天日塩生産所,フランス,(ⅰ)(ⅱ)(ⅳ),,,,クロード・ニコラ・ルドゥ,,,,円形に配置することで労働組織の効率化
産業・経済活動関連遺産,アウクスブルクの水管理システム,ドイツ,(ⅱ)(ⅳ),,,,,,"運河網
 ポンプ式の給水塔
 冷水ホール",,水力工学分野におけるパイオニアとなった
産業・経済活動関連遺産,Ir.D.F.ヴァウダヘマール：D.F.ヴァウダ技師による蒸気水揚げポンプ場,オランダ,(ⅰ)(ⅱ)(ⅳ),,,,,,,,世界最大の規模を誇る排水施設
産業・経済活動関連遺産,シューシュタルの歴史的水利システム,イラン・イスラム,(ⅰ)(ⅱ)(ⅴ),,,,,,,,ギャルギャル運河
産業・経済活動関連遺産,青城山と都江堰水利施設,中国,(ⅱ)(ⅳ)(ⅵ),,,,張陵,,,,
気候帯,ケベック旧市街の歴史地区,カナダ,(ⅳ)(ⅵ),,,,,,シャトー・フロントナック,,"ヌーヴェル・フランス
 ケベック法を制定しフランスの民法や言語の使用が認められている"
気候帯,オリンピック国立公園,アメリカ,(ⅶ)(ⅸ),,,,,,,,温帯雨林地帯
気候帯,メキシコ・シティの歴史地区とソチミルコ,メキシコ,(ⅱ)(ⅲ)(ⅳ)(ⅴ),,アステカ帝国,,,,,,テノチティトラン
気候帯,コロニア・デル・サクラメントの歴史地区,ウルグアイ,(ⅳ),,,,,,サグラード・サクラメント教会堂,,
気候帯,中央アマゾン自然保護区群,ブラジル,(ⅸ)(ⅹ),,,,,,,,"バルゼア
 イガポー"
気候帯,セラード自然保護地域群：ヴェアデイロス平原国立公園とエマス国立公園,ブラジル,(ⅸ)(ⅹ),,,,,オオアリクイ,,,
気候帯,キトの市街,エクアドル,(ⅱ)(ⅳ),,,キトス族,,,,,インカ第2の都市
気候帯,ボルドー、月の港,フランス,(ⅱ)(ⅳ),,,,,,,,海洋性気候
気候帯,コミの原生林,ロシア,(ⅶ)(ⅸ),,,,,,,,ツンドラ
気候帯,ダウリアの景観群,モンゴル及びロシア,(ⅸ)(ⅹ),,,,,"ゴビズキンカモメ
 サカツラガン
 マナヅル",,,
気候帯,西ガーツ山脈,インド,(ⅸ)(ⅹ),,,,,"シシオザル
 ニルギリタール",,,モンスーン気候帯
気候帯,ペルシアのカナート,イラン・イスラム,(ⅲ)(ⅳ),,,,,,,,地下灌漑水路システム
気候帯,ルウェンゾリ山地国立公園,ウガンダ,(ⅶ)(ⅹ),,,,,,,,マルゲリータ峰（スタンリー山）
気候帯,ナミブ砂漠,ナミビア,(ⅶ)(ⅷ)(ⅸ)(ⅹ),,,,,,,,"霧の影響を受け霧が貴重な広大な砂丘を含む海岸砂漠
 二層の構造となっており一方は酸化鉄の色によって砂漠は赤く見える"
気候帯,クジャター・グリーンランド：氷冠周縁部におけるノース人とイヌイット農業地域,デンマーク,(ⅴ),文化的景観,,"ノース人
 イヌイット",,,,,
地殻変動,タスマニア原生地帯,オーストラリア,(ⅲ)(ⅳ)(ⅵ)(ⅶ)(ⅷ)(ⅸ)(ⅹ),,,タスマニア・アボリジニ,,"タスマニアデビル
 カモノハシ",,,"クレイドル・マウンテン・セント・クレア・レイク国立公園
 ゴンドワナ大陸
 ステンシルと呼ばれる描画技法"
地殻変動,テ・ワヒポウナム,ニュージーランド,(ⅶ)(ⅷ)(ⅸ)(ⅹ),,,,,キウイ,アオラキ/マウント・クック,,"サザン・アルプス山脈
 氷河作用と地殻変動による景観"
地殻変動,ユングフラウ‐アレッチュのスイス・アルプス,スイス,(ⅶ)(ⅷ)(ⅸ),,,,,,,,アレッチュ氷河の周辺では浸食作用による氷河地形の典型を多く見ることができる
地殻変動,ピュイ山地とリマーニュ断層にある地殻変動地帯,フランス,(ⅷ),,,,,,,,ピュイ・ドゥ・ドーム
地殻変動,スイスのサルドナ上層地殻変動地帯,スイス,(ⅷ),,,,,,,,逆断層
地殻変動,シングヴェトリル国立公園,アイスランド,(ⅲ)(ⅳ),文化的景観,,,,,,,"ギャオ
 アルシング
 ゲイシール"
地殻変動,カナイマ国立公園,ベネズエラ,(ⅶ)(ⅷ)(ⅸ)(ⅹ),,先カンブリア時代,,,,,,"アウヤンテプイ山
 テーブルマウンテン
 アンヘルの滝"
地殻変動,グロス・モーン国立公園,カナダ,(ⅶ)(ⅷ),,,,,,,,地球内部のマントルが地表に露出したもの
地殻変動,大地溝帯にあるケニアの湖沼群,ケニア,(ⅶ)(ⅸ)(ⅹ),,,,,"コフラミンゴ
 ロスチャイルドキリン
 グレータークーズー",,,
地殻変動,マックォーリー島,オーストラリア,(ⅶ)(ⅷ),,,,,,,,マントルが噴出した玄武岩が海面から露出している
地殻変動,タジキスタン国立公園（パミールの山脈）,タジキスタン,(ⅶ)(ⅷ),,,,,,,,フェドチェンコ氷河
地殻変動,サガルマータ国立公園,ネパール,(ⅶ),,,,,,,,イエロー・バンド
カルスト地形,アンドレファナ乾燥林群,マダガスカル,(ⅶ)(ⅸ)(ⅹ),,,,,"クイナモドキ
 レムール",,,ツィンギー・ド・ベマラハ国立公園
カルスト地形,シュコツィアンの洞窟群,スロベニア,(ⅶ)(ⅷ),,,,,,,,ヴェリカ・ドヴォラナ
カルスト地形,アグテレク・カルストとスロバキア・カルストの洞窟群,スロバキア及びハンガリー,(ⅷ),,,,,,,,パラドゥラ・ドミツァ洞窟
カルスト地形,マンモス・ケーブ国立公園,アメリカ,(ⅶ)(ⅷ)(ⅹ),,,,,,,,世界最大級の鍾乳洞
カルスト地形,中国南部のカルスト地帯,中国,(ⅶ)(ⅷ),,,,,,,,湿潤熱帯および亜熱帯地域におけるカルスト地形
カルスト地形,プエルト・プリンセサ地下河川国立公園,フィリピン,(ⅶ)(ⅹ),,,,,パラワンヤマアラシ,,,
カルスト地形,フォン・ニャ‐ケ・バン国立公園,ベトナム,(ⅶ)(ⅸ)(ⅹ),,,,,,,,フォン・ニャ洞窟
カルスト地形,グヌン・ムル国立公園,マレーシア,(ⅶ)(ⅷ)(ⅸ)(ⅹ),,,,,,,,サワラク洞窟
カルスト地形,ヒエラポリスとパムッカレ,トルコ,(ⅲ)(ⅵ)(ⅶ),,アッタロス朝,,,,,,
カルスト地形,左江花山の岩絵の文化的景観,中国,(ⅲ)(ⅵ),文化的景観,,,,,,,祭礼の際に銅鼓を演奏する
火山,ポンペイ、エルコラーノ、ロッテ・アヌンツィアータの考古地区,イタリア,(ⅲ)(ⅳ)(ⅴ),,,,,,"外科医の家
 オプロンティスのヴィッラ",,ヴェスヴィオ山の噴火により火山灰に埋没した
火山,ガラホナイ国立公園,スペイン,(ⅶ)(ⅸ),,,,,ゲッケイジュ林,,,ガラホナイ山
火山,エトナ山,イタリア,(ⅷ),,,,,,,,"世界で最も活発に活動している成層火山
 2700年前から噴火の記録が残されている"
火山,レユニオン島：峻峰の圏谷、その外縁,フランス,(ⅶ)(ⅹ),,,,,,"ピトン・デ・ネージュ
 ピトン・ドゥ・ラ・フルネーズ
 レユニオン国立公園",,
火山,ピーコ島のブドウ栽培の景観,ポルトガル,(ⅲ)(ⅴ),,,,,,,,"2番目に大きな火山島
 直線状の石壁"
火山,テイデ国立公園,スペイン,(ⅶ)(ⅷ),,,,,,,,ラス・カニャダスの断崖
火山,ヴァトナヨークトル国立公園：火山と氷河がつくるダイナミックな自然,アイスランド,(ⅷ),,,,,,,,ヨークルフロイプ（氷河湖決壊洪水）
火山,アワッシュ川下流域,エチオピア,(ⅱ)(ⅲ)(ⅳ),,,,アウストラロピテクス・アファレンシス,,,,
火山,ギョレメ国立公園とカッパドキアの岩石群,トルコ,(ⅰ)(ⅲ)(ⅴ)(ⅶ),,,,,,,,"イコン破壊運動
 ギョレメ渓谷
 カイマクルとデリンクユの地下都市"
火山,タフテ・ソレイマーン,イラン・イスラム,(ⅰ)(ⅱ)(ⅲ)(ⅳ)(ⅵ),,,,,,,,"拝火壇（アザル・ゴシュナスブ）
 ソロモン王の玉座を意味するゾロアスター教の聖地跡"
火山,ウジュン・クロン国立公園,インドネシア,(ⅶ)(ⅹ),,,,,ジャワサイ,,,
火山,済州火山島と溶岩洞窟群,韓国,(ⅶ)(ⅷ),,,,,,,,"城山日出峰
 世界で最も長く複雑な火山洞窟"
火山,ハード島とマクドナルド諸島,オーストラリア,(ⅷ)(ⅸ),,,,,,,,マウソン山
火山,エル・ピナカーテとグラン・デシエルト・デ・アルタル生物圏保存地域,メキシコ,(ⅶ)(ⅷ)(ⅹ),,,,,,,,マール（爆裂火口）
火山,レビジャヘヒド群島,メキシコ,(ⅶ)(ⅸ)(ⅹ),,,,,,,,4つの島はそれぞれ海中に沈んだ火山の山頂にあたる
火山,モルヌ・トロワ・ピトン国立公園,ドミニカ,(ⅷ)(ⅹ),,,,,,,,ボイリング・レイク
火山,ホヤ・デ・セレンの考古遺跡,エルサルバドル,(ⅲ)(ⅳ),,,,,,,,ロマ・カルデラ火山
火山,ピトンズ管理地区,セントルシア,(ⅶ)(ⅷ),,,,,,,,ピトン・ミタン尾根
森林,カルパティア山脈と他のヨーロッパ地域のブナ原生林,アルバニア/イタリア/ウクライナ/オーストリア/北マケドニア/クロアチア/スイス/スペイン/スロバキア/スロベニア/チェコ/ドイツ/フランス/ブルガリア/ベルギー/ポーランド/ボスニア・ヘルツェゴビナ/ルーマニア,(ⅸ),,,,,"キンメフクロウ
 ヨーロッパブナ",,,"18カ国に及ぶシリアル・ノミネーション
 10種の原生ブナ"
森林,マデイラ島の照葉樹林,ポルトガル,(ⅸ)(ⅹ),,第三紀,,,,,,氷河期以前の太古の姿を残した森林地帯
森林,シホテ・アリニ山脈中央部,ロシア,(ⅹ),,,,,"アムールトラ
 シマフクロウ",,,
森林,コルキスの多雨林群と湿地群,ジョージア,(ⅸ)(ⅹ),,,,,コルキスチョウザメ,,,
森林,ポルト湾：ピアナのカランケ、ジロラッタ湾、スカンドラ保護区,フランス,(ⅶ)(ⅷ)(ⅹ),,,,,マキー（常緑低木林）,,,
森林,アルタイ・ゴールデン・マウンテン,ロシア,(ⅹ),,,,,ユキヒョウ,,,
森林,タラマンカ山脈地帯：ラ・アミスタ自然保護区群とラ・アミスタ国立公園,コスタリカ及びパナマ,(ⅶ)(ⅷ)(ⅸ)(ⅹ),,,,,,,,チリポ山
森林,ロス・アレルセス国立公園,アルゼンチン,(ⅶ)(ⅹ),,,,,アレルセ,,,
森林,ロス・カティオス国立公園,コロンビア,(ⅸ)(ⅹ),,,,,,,,中米と南米の境界
森林,リオ・プラタノ生物圏保存地域,ホンジュラス,(ⅶ)(ⅷ)(ⅸ)(ⅹ),,危機遺産,,,コンゴウインコ,,,プラタノ川
森林,リオ・アビセオ国立公園,ペルー,(ⅲ)(ⅶ)(ⅸ)(ⅹ),,,,,"ヘンディーウーリーモンキー
 プヤ",,,
森林,サウス・イースト大西洋沿岸森林保護区群,ブラジル,(ⅶ)(ⅸ)(ⅹ),,,,,,,,大西洋沿岸森林
森林,レッドウッド国立・州立公園群,アメリカ,(ⅶ)(ⅸ),,,,,セコイア,,,レッドウッド保護連盟
森林,グレート・スモーキー山脈国立公園,アメリカ,(ⅶ)(ⅷ)(ⅸ)(ⅹ),,,,,カナダカワウソ,,,
森林,ニンバ山厳正自然保護区群,ギニア及びコートジボワール,(ⅸ)(ⅹ),,危機遺産,,,,,,ハルマッタン（貿易風）
森林,ジャー動物保護区,カメルーン,(ⅸ)(ⅹ),,,,,ニシローランドゴリラ,,,
森林,カディーシャ渓谷（聖なる谷）と神の杉の森（ホルシュ・アルツ・エルラブ）,レバノン,(ⅲ)(ⅳ),,文化的景観,,,レバノン杉,,,
森林,湖北の神農架,中国,(ⅸ)(ⅹ),,,,,チュウゴクオオサンショウウオ,,,
森林,オーストラリアのゴンドワナ雨林,オーストラリア,(ⅷ)(ⅸ)(ⅹ),,,,,ナンキョクブナ,,,世界最大級の多雨林帯
森林,クイーンズランドの湿潤熱帯地域,オーストラリア,(ⅶ)(ⅷ)(ⅸ)(ⅹ),,,,,ニオイネズミカンガルー,,,
森林,スリランカ中央高地,スリランカ,(ⅸ)(ⅹ),,,,,ニシカオムラサキラングール,"ホートン・プレインズ国立公園
 ナックルズ森林保護区
 ピーク・ウィルダネス保護区",,
固有の生態系と絶滅危惧種,西カフカス山脈,ロシア,(ⅸ)(ⅹ),,,,,ヨーロッパバイソン,,,"人為的な影響を受けていない大規模な山岳地帯
 飼育された個体を自然の生息地に戻し定着させる"
固有の生態系と絶滅危惧種,キナバル自然公園,マレーシア,(ⅸ)(ⅹ),,,,,フタバガキ,,,キナバル山
固有の生態系と絶滅危惧種,サンガイ国立公園,エクアドル,(ⅶ)(ⅷ)(ⅸ)(ⅹ),,,,,メガネグマ,,,植物の垂直分布
固有の生態系と絶滅危惧種,マヌー国立公園,ペルー,(ⅸ)(ⅹ),,,,,,,,"ペルー最大の国立公園
 アマゾン川流域がギアナ高地とブラジル中央高原に挟まれた内海であった痕跡"
固有の生態系と絶滅危惧種,マナス野生動物保護区,インド,(ⅶ)(ⅸ)(ⅹ),,,,,"コビトイノシシ
 ゴールデンラングール
 スイギュウ",,,
固有の生態系と絶滅危惧種,イヴィンド国立公園,ガボン,(ⅸ)(ⅹ),,,,,マルミミゾウ,,,
固有の生態系と絶滅危惧種,雲南保護地域の三江併流群,中国,(ⅶ)(ⅷ)(ⅸ)(ⅹ),,,,,,"金沙江
 欄滄江
 怒江",,"横断山脈
 明永氷河"
固有の生態系と絶滅危惧種,シャーク湾,オーストラリア,(ⅶ)(ⅷ)(ⅸ)(ⅹ),,,,,"ストロマトライト
 ジュゴン",,,世界最大の海草藻場
固有の生態系と絶滅危惧種,カリフォルニア湾の島々と自然保護区群,メキシコ,(ⅶ)(ⅸ)(ⅹ),,,,,,,,"ソノラ砂漠
 大陸島と海洋島が同時に存在する"
固有の生態系と絶滅危惧種,ウランゲリ島保護区の自然生態系,ロシア,(ⅸ)(ⅹ),,,,,"タイヘイヨウセイウチ
 ホッキョクグマ",,,ホッキョクグマが世界一高い密度で生息
固有の生態系と絶滅危惧種,コイバ国立公園と特別海洋保護区,パナマ,(ⅸ)(ⅹ),,,,,,,,エルニーニョ現象の影響が及ばない湾内
固有の生態系と絶滅危惧種,アレハンドロ・デ・フンボルト国立公園,キューバ,(ⅸ)(ⅹ),,,,アレクサンダー・フォン・フンボルト,,,,
固有の生態系と絶滅危惧種,マルペロ動植物保護区,コロンビア,(ⅶ)(ⅸ),,,,,,,,マルペロ海底山脈
密猟,ガランバ国立公園,コンゴ民主,(ⅶ)(ⅹ),危機遺産,,,,"キタシロサイ
 コルドファンキリン",,,大型哺乳動物の生息に適した環境
密猟,セルー動物保護区,タンザニア,(ⅸ)(ⅹ),危機遺産,,,,,,,世界最大規模のアフリカゾウの生息地であった
密猟,ブウィンディ原生国立公園,ウガンダ,(ⅶ)(ⅹ),,,,,マウンテンゴリラ,,,
密猟,シミエン国立公園,エチオピア,(ⅶ)(ⅹ),,,,,"ゲラダヒヒ
 ワリアアイベックス",,,
密猟,ニョコロ・コバ国立公園,セネガル,(ⅹ),危機遺産,,,,,,,スーダン・サバンナ
密猟,コモエ国立公園,コートジボワール,(ⅸ)(ⅹ),,,,,,,,西アフリカ最大の国立公園
密猟,サロンガ国立公園,コンゴ民主,(ⅶ)(ⅸ),,,,,ボノボ,,,
密猟,W-アルリ-ペンジャーリ国立公園,ニジェール及びベナン及びブルキナファソ,(ⅸ)(ⅹ),危機遺産,,,,セーブルアンテロープ,,,スーダン・サヘル・サバナ
密猟,チトワン国立公園,ネパール,(ⅶ)(ⅸ)(ⅹ),,,,,,,,マラリア撲滅のために1950年代から大量の農薬が撒かれた
環境問題,カジランガ国立公園,インド,(ⅸ)(ⅹ),,,,,インドサイ,,,
環境問題,ヘンダーソン島,イギリス,(ⅶ)(ⅹ),,,,デ・キロス,,,,"プラスチックごみが大量に漂着することが問題となっている
 18世紀以降は無人島となったため自然が原始のまま保存された"
環境問題,チェスキー・クルムロフの歴史地区,チェコ,(ⅳ),,,,,,,,"ボヘミア
 聖ヴィート教会"
環境問題,イルリサット・アイスフィヨルド,デンマーク,(ⅶ)(ⅷ),,,,,,セルメク・クジャレク氷河,,地球温暖化の影響で近年グリーンランドの氷床は広範囲で溶け始めている
環境問題,隊商都市ウワダン、シンゲッティ、ティシット、ウワラタ,モーリタニア,(ⅲ)(ⅳ)(ⅴ),,,,,,,,"クサール（要塞化された村）
 砂漠化が進み都市の脅威となっている"
環境問題,エヴァーグレーズ国立公園,アメリカ,(ⅷ)(ⅸ)(ⅹ),,,,,,,,"ハンモック
 温帯と亜熱帯全米最大の湿原地域"
環境問題,ハ・ロン湾とカット・バ諸島,ベトナム,(ⅶ)(ⅷ),,,,,,,,"石灰岩台地
 石炭発掘による水質悪化環境汚染や生態系の破壊が問題となっている"
環境問題,グレート・ヒマラヤ国立公園保護地区,インド,(ⅹ),,,,,"ハイイロジュケイ
 ジャコウジカ",,,雪解け水を水源とする河川
環境問題,グレート・バリア・リーフ,オーストラリア,(ⅶ)(ⅷ)(ⅸ)(ⅹ),,,,,,,,"世界最大のサンゴ礁
 気候変動による海水温の上昇サイクロン港湾工事によるサンゴ礁の減少
 サンゴ礁が外敵から守る役割を果たす"
環境問題,ブルー・マウンテンズ地域,オーストラリア,(ⅸ)(ⅹ),,,,,ユーカリ,,,
環境問題,ソコトラ諸島,イエメン,(ⅹ),,,,,リュウケツジュ,,,
環境問題,ウアスカラン国立公園,ペルー,(ⅶ)(ⅷ),,,,,,,,ヤンガヌコ湖
開発による危機,ウィーンの歴史地区,オーストリア,(ⅱ)(ⅳ)(ⅵ),,,,フランツ・ヨーゼフ1世,,リンクシュトラーセ,ネオ・ルネサンス様式,ハプスブルク家の王都
開発による危機,ロンドン塔,イギリス,(ⅱ)(ⅳ),,,,,,,ノルマン様式,
開発による危機,ケルンの大聖堂,ドイツ,(ⅰ)(ⅱ)(ⅳ),,,,,,,,"最初の図面通り純粋なゴシック様式で完成
 ゲルハルト
 リブ・ヴォールト"
開発による危機,ブダペスト：ドナウ河岸とブダ城地区、アンドラーシ通り,ハンガリー,(ⅱ)(ⅳ),,,マジャル人,,,,,くさり橋
開発による危機,ドニャーナ国立公園,スペイン,(ⅶ)(ⅸ)(ⅹ),,,,,,,,ドゥナス・モビレス（移動砂丘）
開発による危機,ロシア・モンタナの鉱山景観,ルーマニア,(ⅱ)(ⅲ)(ⅳ),"文化的景観
 危機遺産",,,,,,,ローマ帝国時代に大規模な金採掘がおこなわれた
開発による危機,東レンネル,ソロモン,(ⅸ),危機遺産,,,,,,,テガノ湖
開発による危機,スースの旧市街,チュニジア,(ⅲ)(ⅳ)(ⅴ),,アグラブ朝,,,,,,
開発による危機,トゥルガナ湖国立公園群,ケニア,(ⅷ)(ⅹ),危機遺産,,,,,,,エチオピアでのダム開発による生態系への影響が懸念
開発による危機,アツィナナナの熱帯雨林,マダガスカル,(ⅸ)(ⅹ),危機遺産,,,,,,,マダガスカル島
開発による危機,シルヴァンシャー宮殿と乙女の塔のある城壁都市バクー,アゼルバイジャン,(ⅳ),,,,,,,,城壁内（イチェリ・シェヘル）
開発による危機,シャフリサブズの歴史地区,ウズベキスタン,(ⅲ)(ⅳ),危機遺産,,,,,,,ティムールの生誕地
開発による危機,スマトラの熱帯雨林遺産,インドネシア,(ⅶ)(ⅸ)(ⅹ),危機遺産,,,,,,,プランテーション開発
開発による危機,ベリーズ・バリア・リーフ自然保護区,ベリーズ,(ⅶ)(ⅸ)(ⅹ),,,,,,,,"世界で2番目に大きなサンゴ礁
 北半球最大のサンゴ礁"
開発による危機,パンタナル自然保護区,ブラジル,(ⅶ)(ⅸ)(ⅹ),,,,,,,,"世界最大の淡水湿地であるパンタナル湿原
 水鳥の繁殖地
 一時に多くの小さな湖ができる"
開発による危機,フレーザー島,オーストラリア,(ⅶ)(ⅷ)(ⅸ),,,,,,,,世界最大の砂の島
観光課題,ヴェネツィアとその潟,イタリア,(ⅰ)(ⅱ)(ⅲ)(ⅳ)(ⅴ)(ⅵ),,,,ティントレット,,"ドゥカーレ宮殿
 サン・マルコ大聖堂",,無数の杭を打ち込むことで土台がつくられている
観光課題,フィレンツェの歴史地区,イタリア,(ⅰ)(ⅱ)(ⅲ)(ⅳ)(ⅵ),,,,ブルネッレスキ,,サンタ・マリア・デル・フィオーレ大聖堂,ルネサンス様式,コジモ・デ・メディチの援助によって建設された
観光課題,ドゥブロニクの旧市街,クロアチア,(ⅰ)(ⅲ)(ⅳ),,,,,,,,高さ約25mの城壁が街の4つの要塞を結んでいる
観光課題,ヴェゼール渓谷の装飾洞窟と先史遺跡,フランス,(ⅰ)(ⅲ),,,クロマニョン人,,,,,ラスコー洞窟
観光課題,アントニ・ガウディの作品群,スペイン,(ⅰ)(ⅱ)(ⅳ),,,,,,"カサ・ミラ
 グエル公園
 グエル邸
 サグラダ・ファミリア贖罪聖堂",,"人口の約20倍の観光客が訪れ問題化
 モデルニスモ
 自然のなかにすべての教科書がある
 生誕のファサード"
観光課題,麗江の旧市街,中国,(ⅰ)(ⅳ)(ⅴ),,,納西（ナシ）族,,,,,東巴（トンパ）文字
観光課題,古都ホイアン,ベトナム,(ⅱ)(ⅴ),,,,,,,,朱印船貿易
観光課題,ボロブドゥール仏教寺院群,インドネシア,(ⅰ)(ⅱ)(ⅵ),,シャイレンドラ朝,,,,,,"三界（欲界・色界・無色界）
 大乗仏教"
観光課題,コモド国立公園,インドネシア,(ⅶ)(ⅹ),,,,,コモドオオトカゲ,,,"小スンダ列島
 気候変動による海面上昇"
観光課題,アジャンターの石窟寺院群,インド,(ⅰ)(ⅱ)(ⅲ)(ⅳ),,,,,,,,アジャンターでは大半がヴィハーラ（僧院）窟
観光課題,ロック・アイランドの南部ラグーン,パラオ,(ⅲ)(ⅴ)(ⅶ)(ⅸ)(ⅹ),,,,,,,,ジェリーフィッシュ・レイク
観光課題,ウルル・、カタ・ジュタ国立公園,オーストラリア,(ⅴ)(ⅵ)(ⅶ)(ⅷ),,,,アボリジニのアナング族,,,,
観光課題,ガラパゴス諸島,エクアドル,(ⅶ)(ⅷ)(ⅸ)(ⅹ),,,,,"フィンチ
 ゾウガメ",,,
観光課題,ヨセミテ国立公園,アメリカ,(ⅶ)(ⅷ),,,,,,,,"ウィルダネス（原生地）
 モーレン（堆積物）
 ハーフドーム"
観光課題,ゲベル・バルガルとナパタ地域の遺跡群,スーダン,(ⅰ)(ⅱ)(ⅲ)(ⅳ)(ⅵ),,クシュ王国,,,,,,
火災の被害,パリのセーヌ河岸,フランス,(ⅰ)(ⅱ)(ⅳ),,,,ジョルジュ・オスマン,,"ノートル・ダム大聖堂
 カルティエ・ラタン
 シテ島",,
火災の被害,テルチの歴史地区,チェコ,(ⅰ)(ⅳ),,,,ザハリアーシュ・フラデツ,,,,聖母マリア記念柱
火災の被害,ベルゲンのブリッゲン地区,ノルウェー,(ⅲ),,,,,,,,"ハンザ同盟の拠点の都市となった
 ショートスチューエネ（集会場）
 干鱈"
火災の被害,レーロースの鉱山都市と周辺,ノルウェー,(ⅲ)(ⅳ)(ⅴ),,,,,,,,労働者のシンボルであるハンマー
火災の被害,ヴェルラの砕木パルプ・板紙工場,フィンランド,(ⅳ),,,,,,,,製材・製紙業
火災の被害,ラウマの旧市街,フィンランド,(ⅳ)(ⅴ),,,,,,,,最大規模の木造平屋建築の家屋
火災の被害,ロスキレの大聖堂,デンマーク,(ⅱ)(ⅳ),,,,,,,,当時最新の建材であったレンガ
火災の被害,パルノンハルマの千年の歴史をもつベネディクト会修道院と周辺の自然環境,ハンガリー,(ⅳ)(ⅵ),,,,,,,,ハンガリー最古の修道院
火災の被害,レヴォチャ、スピシュ城と関連する文化的建造物群,スロバキア,(ⅳ),,,,,,,,スピシュスケー・ポトフラジェ
火災の被害,シュパイアの大聖堂,ドイツ,(ⅱ),,,,ハインリヒ4世,,,,
火災の被害,ラ・ショー・ド・フォン/ル・ロクル、時計製造都市の都市計画,スイス,(ⅳ),,,,,,,,"近代的な都市計画が採用された
 時計製造
 工業都市"
火災の被害,ブリュッセルのグラン・プラス,ベルギー,(ⅱ)(ⅳ),,,,,,,,"再建されたギルドハウスは石造り
 ギルドの人々の団結により街はわずか4年で再建"
火災の被害,ホローケーの伝統的集落,ハンガリー,(ⅴ),,,トルコ系クマン人,,,,パローツ様式,
火災の被害,カスビのブガンダ王国の王墓,ウガンダ,(ⅰ)(ⅲ)(ⅳ)(ⅵ),,,ガンダ族,,,ムジブ・アザーラ・ムパンガ,,木材やわら・葦・土壁
火災の被害,トラコタルパンの歴史的建造物地区,メキシコ,(ⅱ)(ⅳ),,,,,,,,コロンブス広場
地震の被害,カトマンズの谷,ネパール,(ⅲ)(ⅳ)(ⅵ),,"カトマンズ
 パタン
 バドガオン",,,,ダルバール広場,,"ヒンドゥー教と仏教の融合
 ラリトプル"
地震の被害,バガン,ミャンマー,(ⅲ)(ⅳ)(ⅵ),,,,,,,,仏塔（パゴダ）
地震の被害,プランバナンの寺院群,インドネシア,(ⅰ)(ⅳ),,,,,,ロロ・ジョングラン,,
地震の被害,ゴールの旧市街とその要塞,スリランカ,(ⅳ),,,,,,,,海のシルク・ロードの中継地点
地震の被害,フィリピンのバロック様式の教会群,フィリピン,(ⅱ)(ⅳ),,,,,,サン・アグスティン教会,地震のバロック,
地震の被害,レオン大聖堂,ニカラグア,(ⅱ)(ⅳ),,,,ディエゴ・ホセ・デ・ポレス・エスキベル,,,,アントニオ・サッリア「十字架への道」が収蔵されている
地震の被害,アンティグア・グアテマラ,グアテマラ,(ⅱ)(ⅲ)(ⅳ),,,,,,,,耐震性を高めて建造物が改築
地震の被害,ハンバーストーンとサンタ・ラウラの硝石工場群,チリ,(ⅱ)(ⅲ)(ⅳ),,,,,,,,パンピノス文化
地震の被害,オアハカの歴史地区とモンテ・アルバンの考古遺跡,メキシコ,(ⅰ)(ⅱ)(ⅲ)(ⅳ),,,,,,ラ・ソレダー教会堂,,
地震の被害,アレキパの歴史地区,ペルー,(ⅰ)(ⅳ),,,,,,サンタ・カタリーナ修道院,,
地震の被害,リマの歴史地区,ペルー,(ⅳ),,,,,,サン・フランシスコ修道院,,
地震の被害,ヴォルビリスの考古遺跡,モロッコ,(ⅱ)(ⅲ)(ⅳ)(ⅵ),,,,,,,,リスボン大地震で壊滅的な被害を受けた
地震の被害,サブラータの考古遺跡,リビア,(ⅲ),危機遺産,トラヤヌス帝時代,フェニキア人,,,,,
地震の被害,アッシジのサン・フランチェスコ聖堂と関連建造物群,イタリア,(ⅰ)(ⅱ)(ⅲ)(ⅳ)(ⅵ),,,,,,,ゴシック様式,聖フランチェスコの精神が宿る場所
地震の被害,アクィレイアの考古地区とバシリカ総主教聖堂,イタリア,(ⅲ)(ⅳ)(ⅵ),,,,,,,,東方正教会の中央ヨーロッパへの布教拠点
地震の被害,ヴァル・ディ・ノートの後期バロック様式の都市景観群（シチリア島南東部）,イタリア,(ⅰ)(ⅱ)(ⅳ)(ⅴ),,,,,,,後期バロック様式,
地震の被害,テサロニキの初期キリスト教とビザンツ様式の建造物群,ギリシャ,(ⅰ)(ⅱ)(ⅳ),,,,,,,,ギリシャ十字形の平面プランを持つ教会
地震の被害,ネムルト・ダーの巨大墳墓,トルコ,(ⅰ)(ⅲ)(ⅳ),,コンマゲネ王国,,アンティオコス1世,,ネムルト山,,ギリシャとペルシアの双方から強い影響
地震の被害,ストゥデニツァ修道院,セルビア,(ⅰ)(ⅱ)(ⅳ)(ⅵ),,ネマニッチ朝,,,,,,
地震の被害,コトルの文化歴史地域と自然,モンテネグロ,(ⅰ)(ⅱ)(ⅲ)(ⅳ),,,,,,,,ロヴツェン山
戦争・紛争,エルサレムの旧市街とその城壁群,エルサレム,(ⅱ)(ⅲ)(ⅳ),危機遺産,,,,,"ユダヤの聖地嘆きの壁
 キリスト教の聖地聖墳墓教会
 イスラム教の聖地岩のドーム",,"ユダヤキリストイスラムの聖地
 十戒
 ディアスポラ"
戦争・紛争,アレッポの旧市街,シリア・アラブ,(ⅲ)(ⅳ),危機遺産,,,,,"ハーン・アル・ジュムルク（隊商宿）
 アレッポ城
 大モスク（ウマイヤ・モスク）",,
戦争・紛争,古代都市パルミラ,シリア・アラブ,(ⅰ)(ⅱ)(ⅳ),危機遺産,,,女王ゼノビア,,ベル神殿,,
戦争・紛争,城壁都市シバーム,イエメン,(ⅲ)(ⅳ)(ⅴ),危機遺産,ハドラマウト王国,,,,,,"ワジ（枯れ川）
 砂漠の摩天楼"
戦争・紛争,伝説の都市トンブクトゥ,マリ,(ⅱ)(ⅳ)(ⅴ),危機遺産,,トゥアレグ族,,,サンコーレ・モスク,,
戦争・紛争,ヴィルンガ国立公園,コンゴ民主,(ⅶ)(ⅷ)(ⅹ),危機遺産,,,,マウンテンゴリラ,,,
戦争・紛争,アイールとテネレの自然保護区群,ニジェール,(ⅶ)(ⅸ)(ⅹ),危機遺産,,,,ダマガゼル,,,
戦争・紛争,マノヴォ‐グンダ・サン・フローリス国立公園,中央アフリカ,(ⅸ)(ⅹ),危機遺産,,,,アフリカゾウ,,,
戦争・紛争,ルワンダ虐殺の記憶の場：ニャマタ、ムランビ、ギソジ、ビセセロ,ルワンダ,(ⅵ),負の遺産,,,,,,,"フツ族によるツチ族の虐殺
 ルワンダ内戦
 記憶の場"
戦争・紛争,ガダーミスの旧市街,リビア,(ⅴ),危機遺産,,,,,,マグレブ美術,
戦争・紛争,ミーソン聖域,ベトナム,(ⅱ)(ⅲ),,チャンパー王国,,,,,,
戦争・紛争,タウリカ半島の古代都市とチョーラ,ウクライナ,(ⅱ)(ⅴ),文化的景観,,,,,,,ケルソネソスチョーラ（農地割）
戦争・紛争,ワルシャワの歴史地区,ポーランド,(ⅱ)(ⅵ),,,,ベルナルド・ベロット,,,,すべては未来のために
戦争・紛争,ル・アヴール：オーギュスト・ペレにより再建された街,フランス,(ⅱ)(ⅳ),,,,オーギュスト・ペレ,,,,ノルマンディー上陸作戦後の再建
戦争・紛争,プリトヴィツェ湖群国立公園,クロアチア,(ⅶ)(ⅷ)(ⅸ),,,,,,,,"炭酸カルシウム濃度が高く石灰華（トラバーチン）が形成
 クロアチア戦争"
戦争・紛争,リドー運河,カナダ,(ⅰ)(ⅳ),,,,,,,,北米最後の運河
緊急的登録推薦,モスタルの旧市街の石橋と周辺,ボスニア・ヘルツェゴビナ,(ⅵ),負の遺産,,,ミマール・スィナン,,スターリ・モスト,,"ボスニア紛争
 民族和解の象徴"
緊急的登録推薦,バーミヤン渓谷の文化的景観と古代遺跡群,アフガニスタン,(ⅰ)(ⅱ)(ⅲ)(ⅳ)(ⅵ),"文化的景観
 危機遺産
 負の遺産",,,,,磨崖仏,ガンダーラ美術,タリバン政権による破壊
緊急的登録推薦,イエス生誕の地：ベツレヘムの生誕教会と巡礼路,パレスチナ,(ⅳ)(ⅵ),,,,,,,,"イエスが生まれたとされる場所
 2019年に危機遺産リストから脱した"
緊急的登録推薦,オリーヴとワインの土地‐バッティールの丘：南エルサレムの文化的景観,パレスチナ,(ⅳ)(ⅴ),"文化的景観
 危機遺産",,,,,,,"オリーヴとワインの土地
 分離壁の設置計画による景観への影響"
緊急的登録推薦,ヘブロン：アル・ハリールの旧市街,パレスチナ,(ⅱ)(ⅳ)(ⅵ),危機遺産,,,,,アブラハム・モスク（アブラハムの墓）,,
緊急的登録推薦,バムとその文化的景観,イラン・イスラム,(ⅱ)(ⅲ)(ⅳ)(ⅴ),文化的景観,,,,,アルゲ・バム（巨大な城塞都市）,,2003年の大地震で甚大な被害
緊急的登録推薦,トリポリのラシード・カラーミー国際見本市会場,レバノン,(ⅱ)(ⅳ),危機遺産,,,オスカー・ニーマイヤー,,,モダニズム建築,
緊急的登録推薦,マリブ：古代サバ王国の代表的遺跡群,イエメン,(ⅲ)(ⅳ),危機遺産,,,,,,,マリブダム
緊急的登録推薦,オデーサの歴史地区,ウクライナ,(ⅱ)(ⅳ),,,,エカチェリーナ2世,,ポチョムキンの階段,折衷主義,ロシアの軍事侵攻により緊急登録
文化財返還問題,アテネのアクロポリス,ギリシャ,(ⅰ)(ⅱ)(ⅲ)(ⅳ)(ⅵ),,,,フェイディアス,,エルギン・マーブル,,"女神アテナ
 デロス同盟
 3大悲劇詩人"
文化財返還問題,ベルリンのムゼウムスインゼル（博物館島）,ドイツ,(ⅱ)(ⅳ),,,,,,ネフェルティティの胸像,,"博物館島
 新博物館"
文化財返還問題,バビロン,イラク,(ⅲ)(ⅳ),,新バビロニア,,ネブカドネザル,,,,
文化財返還問題,トロイアの考古遺跡,トルコ,(ⅱ)(ⅲ)(ⅳ),,,,シュリーマン,,,,ホメロスの叙事詩『イリアス』
文化財返還問題,敦煌の莫高窟,中国,(ⅰ)(ⅱ)(ⅲ)(ⅳ)(ⅴ)(ⅵ),,,,,,,,"敦煌文書
 シルクロードの要衝"
文化財返還問題,アンコールの遺跡群,カンボジア,(ⅰ)(ⅱ)(ⅲ)(ⅳ),,,,,,,クメール美術,乳海攪拌
文化財返還問題,古代都市テーベと墓地遺跡,エジプト・アラブ,(ⅰ)(ⅲ)(ⅳ),,,,ハトシェプスト女王,,"王家の谷
 カルナク神殿
 ネクロポリス",,アメン・ラー信仰
文化財返還問題,アボメーの王宮群,ベナン,(ⅲ)(ⅳ),,ダホメ王国,,,,,,
文化財返還問題,アクスムの考古遺跡,エチオピア,(ⅰ)(ⅳ),,,,,,,,契約の箱（アーク）が安置されているという伝説
文化財返還問題,水原の華城,韓国,(ⅱ)(ⅲ),,,,,,,,華城城役儀軌
文化財返還問題,クラクフの歴史地区,ポーランド,(ⅳ),,,,,,ヴァヴェル城,,"ダ・ヴィンチ『白貂を抱く貴婦人』
 ポーランド王国の旧都"
文化財返還問題,マチュ・ピチュ,ペルー,(ⅰ)(ⅲ)(ⅶ)(ⅸ),,,,ハイラム・ビンガム,,,,インティワタナ
文化財返還問題,ラパ・ニュイ国立公園,チリ,(ⅰ)(ⅲ)(ⅴ),,,,,,,,"フリ・モアイ
 長耳族"
